file_name,turn_number,current_node_id,gpt_ans_node_id,ans_node_id,judgement,current_node_id_index,gpt_ans_node_id_index,ans_node_id_index,distance_from_ans,contains_answer
ES2002a - Regions,0,ES2002a.D.argumentstructs.Erik.1,ROOT,NONE,NONE,0,0,0,0,False
ES2002a - Regions,1,ES2002a.B.argumentstructs.Erik.3,ES2002a.D.argumentstructs.Erik.1,ES2002a.D.argumentstructs.Erik.1,True,1,0,0,1,True
ES2002a - Regions,2,ES2002a.B.argumentstructs.Erik.1,ES2002a.B.argumentstructs.Erik.3,ES2002a.D.argumentstructs.Erik.1,False,4,1,0,4,True
ES2002a - Regions,3,ES2002a.D.argumentstructs.Erik.2,ES2002a.B.argumentstructs.Erik.1,ES2002a.B.argumentstructs.Erik.1,True,6,4,4,2,True
ES2002a - Regions,4,ES2002a.D.argumentstructs.Erik.3,ES2002a.B.argumentstructs.Erik.3,ES2002a.B.argumentstructs.Erik.1,False,7,1,4,3,True
ES2002a - Regions,5,ES2002a.A.argumentstructs.Erik.1,ES2002a.B.argumentstructs.Erik.1,ES2002a.D.argumentstructs.Erik.1,False,8,4,0,8,True
ES2002a - Regions,6,ES2002a.B.argumentstructs.Erik.2,ES2002a.A.argumentstructs.Erik.1,ES2002a.A.argumentstructs.Erik.1,True,9,8,8,1,True
ES2002a - Regions,7,ES2002a.D.argumentstructs.Erik.4,ES2002a.B.argumentstructs.Erik.2,ES2002a.A.argumentstructs.Erik.1,False,10,9,8,2,True
ES2002a - Remote design wrap up,0,ES2002a.D.argumentstructs.Erik.5,ROOT,NONE,NONE,0,0,0,0,False
ES2002a - Remote design wrap up,1,ES2002a.D.argumentstructs.Erik.6,ES2002a.D.argumentstructs.Erik.5,ES2002a.D.argumentstructs.Erik.5,True,1,0,0,1,True
ES2002a - Remote design wrap up,2,ES2002a.D.argumentstructs.Erik.7,ES2002a.D.argumentstructs.Erik.5,ES2002a.B.argumentstructs.Erik.4,False,3,0,4,1,False
ES2002a - Remote design wrap up,3,ES2002a.B.argumentstructs.Erik.4,ES2002a.D.argumentstructs.Erik.5,ES2002a.D.argumentstructs.Erik.5,True,4,0,0,4,True
ES2002a - Remote design wrap up,4,ES2002a.D.argumentstructs.Erik.8,ES2002a.B.argumentstructs.Erik.4,ES2002a.B.argumentstructs.Erik.4,True,5,4,4,1,True
ES2002a - Remote design wrap up,5,ES2002a.A.argumentstructs.Erik.2,ES2002a.D.argumentstructs.Erik.5,ES2002a.D.argumentstructs.Erik.5,True,6,0,0,6,True
ES2002a - Remote design wrap up,6,ES2002a.D.argumentstructs.Erik.9,ES2002a.D.argumentstructs.Erik.8,ES2002a.A.argumentstructs.Erik.2,False,7,5,6,1,True
ES2002a - Remote design wrap up,7,ES2002a.A.argumentstructs.Erik.3,ES2002a.A.argumentstructs.Erik.2,ES2002a.A.argumentstructs.Erik.2,True,8,6,6,2,True
ES2002a - Remote design wrap up,8,ES2002a.B.argumentstructs.Erik.5,ES2002a.D.argumentstructs.Erik.9,ES2002a.A.argumentstructs.Erik.3,False,9,7,8,1,True
ES2002a - Remote design wrap up,9,ES2002a.D.argumentstructs.Erik.10,ES2002a.D.argumentstructs.Erik.9,ES2002a.A.argumentstructs.Erik.3,False,10,7,8,2,True
ES2002a - Remote design wrap up,10,ES2002a.A.argumentstructs.Erik.4,ES2002a.A.argumentstructs.Erik.2,ES2002a.A.argumentstructs.Erik.2,True,14,6,6,8,True
ES2002a - Remote design wrap up,11,ES2002a.B.argumentstructs.Erik.7,ES2002a.D.argumentstructs.Erik.10,ES2002a.A.argumentstructs.Erik.4,False,15,10,14,1,True
ES2002a - Remote design wrap up,12,ES2002a.D.argumentstructs.Erik.11,ES2002a.B.argumentstructs.Erik.7,ES2002a.A.argumentstructs.Erik.4,False,16,15,14,2,True
ES2002a - Remote design wrap up,13,ES2002a.D.argumentstructs.Erik.12,ES2002a.D.argumentstructs.Erik.11,ES2002a.B.argumentstructs.Erik.7,False,17,16,15,2,True
ES2002a - Remote functionality,0,ES2002a.D.argumentstructs.Erik.13,ROOT,NONE,NONE,0,0,0,0,False
ES2002a - Remote functionality,1,ES2002a.B.argumentstructs.Erik.8,ES2002a.D.argumentstructs.Erik.13,ES2002a.D.argumentstructs.Erik.13,True,1,0,0,1,True
ES2002a - Remote functionality,2,ES2002a.D.argumentstructs.Erik.14,ES2002a.D.argumentstructs.Erik.13,ES2002a.D.argumentstructs.Erik.13,True,3,0,0,3,True
ES2002a - Remote functionality,3,ES2002a.C.argumentstructs.Erik.1,ES2002a.B.argumentstructs.Erik.8,ES2002a.D.argumentstructs.Erik.14,False,4,1,3,1,True
ES2002a - Remote functionality,4,ES2002a.A.argumentstructs.Erik.5,ES2002a.C.argumentstructs.Erik.1,ES2002a.D.argumentstructs.Erik.14,False,5,4,3,2,True
ES2002a - Remote functionality,5,ES2002a.C.argumentstructs.Erik.2,ES2002a.D.argumentstructs.Erik.14,ES2002a.D.argumentstructs.Erik.13,False,7,3,0,7,True
ES2002a - Remote functionality,6,ES2002a.D.argumentstructs.Erik.15,ES2002a.D.argumentstructs.Erik.14,ES2002a.C.argumentstructs.Erik.2,False,9,3,7,2,True
ES2002a - Remote functionality,7,ES2002a.D.argumentstructs.Erik.16,ES2002a.D.argumentstructs.Erik.15,ES2002a.C.argumentstructs.Erik.2,False,10,9,7,3,True
ES2002a - Remote functionality,8,ES2002a.B.argumentstructs.Erik.9,ES2002a.D.argumentstructs.Erik.16,ES2002a.D.argumentstructs.Erik.16,True,11,10,10,1,True
ES2002a - Remote functionality,9,ES2002a.B.argumentstructs.Erik.10,ES2002a.D.argumentstructs.Erik.16,ES2002a.C.argumentstructs.Erik.2,False,12,10,7,5,True
ES2002a - Remote functionality,10,ES2002a.D.argumentstructs.Erik.17,ES2002a.B.argumentstructs.Erik.10,ES2002a.B.argumentstructs.Erik.10,True,13,12,12,1,True
ES2002a - Remote functionality,11,ES2002a.D.argumentstructs.Erik.18,ES2002a.D.argumentstructs.Erik.16,ES2002a.B.argumentstructs.Erik.10,False,15,10,12,3,True
ES2002a - Remote functionality,12,ES2002a.B.argumentstructs.Erik.11,ES2002a.D.argumentstructs.Erik.17,ES2002a.D.argumentstructs.Erik.18,False,17,13,15,2,True
ES2002a - Remote functionality,13,ES2002a.B.argumentstructs.Erik.12,ES2002a.D.argumentstructs.Erik.18,ES2002a.D.argumentstructs.Erik.18,True,19,15,15,4,True
ES2002a - Remote functionality,14,ES2002a.D.argumentstructs.Erik.19,ES2002a.B.argumentstructs.Erik.12,ES2002a.B.argumentstructs.Erik.12,True,20,19,19,1,True
ES2002a - Remote functionality,15,ES2002a.D.argumentstructs.Erik.20,ES2002a.D.argumentstructs.Erik.18,ES2002a.B.argumentstructs.Erik.10,False,22,15,12,10,False
ES2002a - Remote functionality,16,ES2002a.B.argumentstructs.Erik.13,ES2002a.D.argumentstructs.Erik.20,ES2002a.D.argumentstructs.Erik.20,True,24,22,22,2,True
ES2002a - Remote functionality,17,ES2002a.A.argumentstructs.Erik.6,ES2002a.B.argumentstructs.Erik.13,ES2002a.B.argumentstructs.Erik.13,True,25,24,24,1,True
ES2002a - Remote functionality,18,ES2002a.B.argumentstructs.Erik.14,ES2002a.A.argumentstructs.Erik.6,ES2002a.A.argumentstructs.Erik.6,True,26,25,25,1,True
ES2002a - Remote functionality,19,ES2002a.A.argumentstructs.Erik.7,ES2002a.A.argumentstructs.Erik.6,ES2002a.A.argumentstructs.Erik.6,True,28,25,25,3,True
ES2002a - Remote functionality,20,ES2002a.B.argumentstructs.Erik.15,ES2002a.A.argumentstructs.Erik.7,ES2002a.A.argumentstructs.Erik.7,True,29,28,28,1,True
ES2002a - Remote functionality,21,ES2002a.D.argumentstructs.Erik.21,ES2002a.B.argumentstructs.Erik.15,ES2002a.B.argumentstructs.Erik.15,True,30,29,29,1,True
ES2002a - Remote functionality,22,ES2002a.D.argumentstructs.Erik.22,ES2002a.B.argumentstructs.Erik.15,ES2002a.B.argumentstructs.Erik.15,True,33,29,29,4,True
ES2002a - Remote functionality,23,ES2002a.D.argumentstructs.Erik.23,ES2002a.B.argumentstructs.Erik.15,ES2002a.B.argumentstructs.Erik.13,False,35,29,24,11,False
ES2002a - Remote functionality,24,ES2002a.B.argumentstructs.Erik.16,ES2002a.B.argumentstructs.Erik.15,ES2002a.D.argumentstructs.Erik.23,False,36,29,35,1,True
ES2002a - Remote functionality,25,ES2002a.B.argumentstructs.Erik.17,ES2002a.D.argumentstructs.Erik.23,ES2002a.B.argumentstructs.Erik.13,False,38,35,24,14,False
ES2002a - Remote functionality,26,ES2002a.D.argumentstructs.Erik.24,ES2002a.B.argumentstructs.Erik.17,ES2002a.B.argumentstructs.Erik.17,True,39,38,38,1,True
ES2002a - Remote functionality,27,ES2002a.B.argumentstructs.Erik.18,ES2002a.D.argumentstructs.Erik.24,ES2002a.D.argumentstructs.Erik.24,True,41,39,39,2,True
ES2002a - Remote functionality,28,ES2002a.D.argumentstructs.Erik.25,ES2002a.D.argumentstructs.Erik.23,ES2002a.D.argumentstructs.Erik.24,False,42,35,39,3,True
ES2002a - Remote functionality,29,ES2002a.B.argumentstructs.Erik.19,AE_ID ES2002a.D.argumentstructs.Erik.25,ES2002a.D.argumentstructs.Erik.25,False,43,0,42,1,True
ES2002a - Remote functionality,30,ES2002a.B.argumentstructs.Erik.20,ES2002a.D.argumentstructs.Erik.24,ES2002a.D.argumentstructs.Erik.25,False,44,39,42,2,True
ES2002b - Desired functions,0,ES2002b.C.argumentstructs.Erik.1,ROOT,NONE,NONE,0,0,0,0,False
ES2002b - Desired functions,1,ES2002b.C.argumentstructs.Erik.2,ES2002b.C.argumentstructs.Erik.1,ES2002b.C.argumentstructs.Erik.1,True,1,0,0,1,True
ES2002b - Desired functions,2,ES2002b.B.argumentstructs.Erik.1,ES2002b.C.argumentstructs.Erik.2,ES2002b.C.argumentstructs.Erik.1,False,3,1,0,3,True
ES2002b - Desired functions,3,ES2002b.C.argumentstructs.Erik.3,ES2002b.B.argumentstructs.Erik.1,ES2002b.B.argumentstructs.Erik.1,True,4,3,3,1,True
ES2002b - Desired functions,4,ES2002b.D.argumentstructs.Erik.1,ES2002b.C.argumentstructs.Erik.3,ES2002b.C.argumentstructs.Erik.3,True,5,4,4,1,True
ES2002b - Desired functions,5,ES2002b.D.argumentstructs.Erik.2,ES2002b.B.argumentstructs.Erik.1,ES2002b.D.argumentstructs.Erik.1,False,6,3,5,1,True
ES2002b - Desired functions,6,ES2002b.B.argumentstructs.Erik.2,ES2002b.C.argumentstructs.Erik.3,ES2002b.C.argumentstructs.Erik.3,True,7,4,4,3,True
ES2002b - Desired functions,7,ES2002b.D.argumentstructs.Erik.3,ES2002b.B.argumentstructs.Erik.1,ES2002b.B.argumentstructs.Erik.2,False,8,3,7,1,True
ES2002b - Desired functions,8,ES2002b.B.argumentstructs.Erik.3,ES2002b.B.argumentstructs.Erik.2,ES2002b.B.argumentstructs.Erik.2,True,10,7,7,3,True
ES2002b - Desired functions,9,ES2002b.B.argumentstructs.Erik.4,ES2002b.B.argumentstructs.Erik.3,ES2002b.C.argumentstructs.Erik.1,False,12,10,0,12,False
ES2002b - Desired functions,10,ES2002b.D.argumentstructs.Erik.4,ES2002b.B.argumentstructs.Erik.4,ES2002b.B.argumentstructs.Erik.4,True,13,12,12,1,True
ES2002b - Desired functions,11,ES2002b.D.argumentstructs.Erik.5,ES2002b.B.argumentstructs.Erik.3,ES2002b.B.argumentstructs.Erik.4,False,14,10,12,2,True
ES2002b - Desired functions,12,ES2002b.D.argumentstructs.Erik.6,ES2002b.B.argumentstructs.Erik.3,ES2002b.B.argumentstructs.Erik.4,False,15,10,12,3,True
ES2002b - Desired functions,13,ES2002b.B.argumentstructs.Erik.5,ES2002b.B.argumentstructs.Erik.4,ES2002b.D.argumentstructs.Erik.7,False,17,12,19,2,False
ES2002b - Desired functions,14,ES2002b.C.argumentstructs.Erik.4,ES2002b.B.argumentstructs.Erik.5,ES2002b.D.argumentstructs.Erik.7,False,18,17,19,1,False
ES2002b - Desired functions,15,ES2002b.D.argumentstructs.Erik.7,ES2002b.D.argumentstructs.Erik.6,ES2002b.D.argumentstructs.Erik.6,True,19,15,15,4,True
ES2002b - Desired functions,16,ES2002b.B.argumentstructs.Erik.6,ES2002b.D.argumentstructs.Erik.7,ES2002b.D.argumentstructs.Erik.7,True,21,19,19,2,True
ES2002b - Desired functions,17,ES2002b.C.argumentstructs.Erik.5,ES2002b.B.argumentstructs.Erik.6,ES2002b.B.argumentstructs.Erik.6,True,22,21,21,1,True
ES2002b - Desired functions,18,ES2002b.B.argumentstructs.Erik.7,ES2002b.B.argumentstructs.Erik.6,ES2002b.C.argumentstructs.Erik.5,False,24,21,22,2,True
ES2002b - Desired functions,19,ES2002b.D.argumentstructs.Erik.8,ES2002b.B.argumentstructs.Erik.7,ES2002b.B.argumentstructs.Erik.7,True,25,24,24,1,True
ES2002b - Desired functions,20,ES2002b.C.argumentstructs.Erik.6,ES2002b.B.argumentstructs.Erik.7,ES2002b.B.argumentstructs.Erik.7,True,27,24,24,3,True
ES2002b - Desired functions,21,ES2002b.B.argumentstructs.Erik.8,ES2002b.C.argumentstructs.Erik.6,ES2002b.C.argumentstructs.Erik.6,True,28,27,27,1,True
ES2002b - Target audience,0,ES2002b.B.argumentstructs.Erik.9,ROOT,NONE,NONE,0,0,0,0,False
ES2002b - Target audience,1,ES2002b.D.argumentstructs.Erik.9,ES2002b.B.argumentstructs.Erik.9,ES2002b.B.argumentstructs.Erik.9,True,3,0,0,3,True
ES2002b - Target audience,2,ES2002b.B.argumentstructs.Erik.10,ES2002b.B.argumentstructs.Erik.9,ES2002b.D.argumentstructs.Erik.9,False,4,0,3,1,True
ES2002b - Target audience,3,ES2002b.D.argumentstructs.Erik.10,ES2002b.B.argumentstructs.Erik.10,ES2002b.B.argumentstructs.Erik.10,True,5,4,4,1,True
ES2002b - Target audience,4,ES2002b.D.argumentstructs.Erik.11,ES2002b.D.argumentstructs.Erik.10,ES2002b.B.argumentstructs.Erik.10,False,7,5,4,3,True
ES2002b - Target audience,5,ES2002b.A.argumentstructs.Erik.1,ES2002b.B.argumentstructs.Erik.10,ES2002b.B.argumentstructs.Erik.9,False,8,4,0,8,True
ES2002b - Target audience,6,ES2002b.A.argumentstructs.Erik.2,ES2002b.B.argumentstructs.Erik.10,ES2002b.A.argumentstructs.Erik.1,False,9,4,8,1,True
ES2002b - Target audience,7,ES2002b.B.argumentstructs.Erik.11,ES2002b.A.argumentstructs.Erik.2,ES2002b.A.argumentstructs.Erik.2,True,10,9,9,1,True
ES2002b - Target audience,8,ES2002b.A.argumentstructs.Erik.3,ES2002b.A.argumentstructs.Erik.2,ES2002b.B.argumentstructs.Erik.11,False,11,9,10,1,True
ES2002b - Target audience,9,ES2002b.B.argumentstructs.Erik.12,ES2002b.B.argumentstructs.Erik.11,ES2002b.A.argumentstructs.Erik.3,False,12,10,11,1,True
ES2002b - Target audience,10,ES2002b.D.argumentstructs.Erik.12,ES2002b.A.argumentstructs.Erik.3,ES2002b.A.argumentstructs.Erik.3,True,15,11,11,4,True
ES2002b - Target audience,11,ES2002b.A.argumentstructs.Erik.4,ES2002b.D.argumentstructs.Erik.12,ES2002b.D.argumentstructs.Erik.13,False,16,15,19,3,False
ES2002b - Target audience,12,ES2002b.B.argumentstructs.Erik.13,ES2002b.B.argumentstructs.Erik.12,ES2002b.D.argumentstructs.Erik.13,False,17,12,19,2,False
ES2002b - Target audience,13,ES2002b.D.argumentstructs.Erik.13,ES2002b.D.argumentstructs.Erik.12,ES2002b.B.argumentstructs.Erik.10,False,19,15,4,15,False
ES2002b - Target audience,14,ES2002b.B.argumentstructs.Erik.14,ES2002b.D.argumentstructs.Erik.13,ES2002b.D.argumentstructs.Erik.13,True,20,19,19,1,True
ES2002b - Target audience,15,ES2002b.D.argumentstructs.Erik.14,ES2002b.B.argumentstructs.Erik.14,ES2002b.B.argumentstructs.Erik.14,True,22,20,20,2,True
ES2002b - Target audience,16,ES2002b.B.argumentstructs.Erik.15,ES2002b.B.argumentstructs.Erik.14,ES2002b.D.argumentstructs.Erik.14,False,23,20,22,1,True
ES2002b - Target audience,17,ES2002b.B.argumentstructs.Erik.16,ES2002b.B.argumentstructs.Erik.14,ES2002b.B.argumentstructs.Erik.9,False,26,20,0,26,False
ES2002b - Target audience,18,ES2002b.B.argumentstructs.Erik.17,ES2002b.B.argumentstructs.Erik.16,ES2002b.B.argumentstructs.Erik.16,True,27,26,26,1,True
ES2002b - Target audience,19,ES2002b.C.argumentstructs.Erik.7,ES2002b.B.argumentstructs.Erik.16,ES2002b.B.argumentstructs.Erik.17,False,28,26,27,1,True
ES2002b - Target audience,20,ES2002b.D.argumentstructs.Erik.15,ES2002b.D.argumentstructs.Erik.14,ES2002b.C.argumentstructs.Erik.7,False,29,22,28,1,True
ES2002b - Target audience,21,ES2002b.B.argumentstructs.Erik.18,ES2002b.C.argumentstructs.Erik.7,ES2002b.D.argumentstructs.Erik.15,False,32,28,29,3,True
ES2002b - Target audience,22,ES2002b.B.argumentstructs.Erik.19,ES2002b.B.argumentstructs.Erik.16,ES2002b.C.argumentstructs.Erik.7,False,33,26,28,5,True
ES2002b - Target audience,23,ES2002b.D.argumentstructs.Erik.16,ES2002b.D.argumentstructs.Erik.15,ES2002b.B.argumentstructs.Erik.19,False,34,29,33,1,True
ES2002b - Target audience,24,ES2002b.A.argumentstructs.Erik.5,ES2002b.B.argumentstructs.Erik.19,ES2002b.B.argumentstructs.Erik.19,True,36,33,33,3,True
ES2002b - Target audience,25,ES2002b.B.argumentstructs.Erik.20,ES2002b.A.argumentstructs.Erik.5,ES2002b.A.argumentstructs.Erik.5,True,37,36,36,1,True
ES2002b - Target audience,26,ES2002b.D.argumentstructs.Erik.17,ES2002b.B.argumentstructs.Erik.20,ES2002b.A.argumentstructs.Erik.5,False,38,37,36,2,True
ES2002b - Target audience,27,ES2002b.B.argumentstructs.Erik.21,ES2002b.B.argumentstructs.Erik.19,ES2002b.C.argumentstructs.Erik.7,False,40,33,28,12,False
ES2002b - Target audience,28,ES2002b.D.argumentstructs.Erik.18,ES2002b.B.argumentstructs.Erik.21,ES2002b.B.argumentstructs.Erik.21,True,41,40,40,1,True
ES2002b - Target audience,29,ES2002b.A.argumentstructs.Erik.6,ES2002b.B.argumentstructs.Erik.20,ES2002b.B.argumentstructs.Erik.21,False,42,37,40,2,True
ES2002c - LCD display,0,ES2002c.B.argumentstructs.Erik.18,ROOT,NONE,NONE,1,0,0,1,False
ES2002c - LCD display,1,ES2002c.A.argumentstructs.Erik.9,ES2002c.B.argumentstructs.Erik.18,ES2002c.B.argumentstructs.Erik.18,True,3,1,1,2,True
ES2002c - LCD display,2,ES2002c.A.argumentstructs.Erik.10,ES2002c.B.argumentstructs.Erik.18,ES2002c.A.argumentstructs.Erik.9,False,4,1,3,1,True
ES2002c - LCD display,3,ES2002c.B.argumentstructs.Erik.19,ES2002c.B.argumentstructs.Erik.18,ES2002c.A.argumentstructs.Erik.9,False,5,1,3,2,True
ES2002c - LCD display,4,ES2002c.A.argumentstructs.Erik.11,ES2002c.A.argumentstructs.Erik.10,ES2002c.B.argumentstructs.Erik.19,False,6,4,5,1,True
ES2002c - LCD display,5,ES2002c.D.argumentstructs.Erik.17,ES2002c.A.argumentstructs.Erik.11,ES2002c.A.argumentstructs.Erik.9,False,7,6,3,4,True
ES2002c - LCD display,6,ES2002c.D.argumentstructs.Erik.18,ES2002c.D.argumentstructs.Erik.17,ES2002c.D.argumentstructs.Erik.17,True,9,7,7,2,True
ES2002c - LCD display,7,ES2002c.B.argumentstructs.Erik.20,ES2002c.B.argumentstructs.Erik.19,ES2002c.D.argumentstructs.Erik.18,False,10,5,9,1,True
ES2002c - LCD display,8,ES2002c.A.argumentstructs.Erik.12,ES2002c.D.argumentstructs.Erik.18,ES2002c.D.argumentstructs.Erik.18,True,12,9,9,3,True
ES2002c - LCD display,9,ES2002c.D.argumentstructs.Erik.19,ES2002c.B.argumentstructs.Erik.20,ES2002c.A.argumentstructs.Erik.12,False,13,10,12,1,True
ES2002c - LCD display,10,ES2002c.B.argumentstructs.Erik.21,ES2002c.A.argumentstructs.Erik.12,ES2002c.A.argumentstructs.Erik.12,True,14,12,12,2,True
ES2002c - LCD display,11,ES2002c.B.argumentstructs.Erik.22,ES2002c.A.argumentstructs.Erik.12,ES2002c.A.argumentstructs.Erik.12,True,17,12,12,5,True
ES2002c - LCD display,12,ES2002c.A.argumentstructs.Erik.13,ES2002c.B.argumentstructs.Erik.22,ES2002c.B.argumentstructs.Erik.22,True,18,17,17,1,True
ES2002c - Light option,0,ES2002c.D.argumentstructs.Erik.1,ROOT,NONE,NONE,0,0,0,0,False
ES2002c - Light option,1,ES2002c.A.argumentstructs.Erik.1,ES2002c.D.argumentstructs.Erik.1,ES2002c.D.argumentstructs.Erik.1,True,1,0,0,1,True
ES2002c - Light option,2,ES2002c.D.argumentstructs.Erik.2,ES2002c.A.argumentstructs.Erik.1,ES2002c.A.argumentstructs.Erik.1,True,3,1,1,2,True
ES2002c - Light option,3,ES2002c.D.argumentstructs.Erik.3,ES2002c.D.argumentstructs.Erik.1,ES2002c.D.argumentstructs.Erik.2,False,4,0,3,1,True
ES2002c - Light option,4,ES2002c.B.argumentstructs.Erik.1,ES2002c.D.argumentstructs.Erik.1,ES2002c.D.argumentstructs.Erik.1,True,5,0,0,5,True
ES2002c - Light option,5,ES2002c.D.argumentstructs.Erik.4,ES2002c.D.argumentstructs.Erik.3,ES2002c.B.argumentstructs.Erik.1,False,7,4,5,2,True
ES2002c - Light option,6,ES2002c.B.argumentstructs.Erik.2,ES2002c.B.argumentstructs.Erik.1,ES2002c.D.argumentstructs.Erik.4,False,9,5,7,2,True
ES2002c - Light option,7,ES2002c.A.argumentstructs.Erik.2,ES2002c.B.argumentstructs.Erik.1,ES2002c.B.argumentstructs.Erik.1,True,10,5,5,5,True
ES2002c - Light option,8,ES2002c.D.argumentstructs.Erik.5,ES2002c.A.argumentstructs.Erik.2,ES2002c.A.argumentstructs.Erik.2,True,11,10,10,1,True
ES2002c - Light option,9,ES2002c.D.argumentstructs.Erik.6,ES2002c.D.argumentstructs.Erik.5,ES2002c.D.argumentstructs.Erik.5,True,12,11,11,1,True
ES2002c - Light option,10,ES2002c.A.argumentstructs.Erik.3,ES2002c.D.argumentstructs.Erik.6,ES2002c.D.argumentstructs.Erik.6,True,13,12,12,1,True
ES2002c - Light option,11,ES2002c.B.argumentstructs.Erik.3,ES2002c.A.argumentstructs.Erik.3,ES2002c.D.argumentstructs.Erik.6,False,14,13,12,2,True
ES2002c - Light option,12,ES2002c.B.argumentstructs.Erik.4,ES2002c.D.argumentstructs.Erik.5,ES2002c.D.argumentstructs.Erik.6,False,16,11,12,4,True
ES2002c - Light option,13,ES2002c.D.argumentstructs.Erik.7,ES2002c.B.argumentstructs.Erik.4,ES2002c.B.argumentstructs.Erik.4,True,17,16,16,1,True
ES2002c - Light option,14,ES2002c.D.argumentstructs.Erik.8,ES2002c.D.argumentstructs.Erik.7,ES2002c.D.argumentstructs.Erik.7,True,18,17,17,1,True
ES2002c - Light option,15,ES2002c.B.argumentstructs.Erik.5,ES2002c.D.argumentstructs.Erik.7,ES2002c.D.argumentstructs.Erik.8,False,19,17,18,1,True
ES2002c - Light option,16,ES2002c.A.argumentstructs.Erik.4,ES2002c.B.argumentstructs.Erik.4,ES2002c.D.argumentstructs.Erik.8,False,20,16,18,2,True
ES2002c - Light option,17,ES2002c.D.argumentstructs.Erik.9,ES2002c.A.argumentstructs.Erik.4,ES2002c.A.argumentstructs.Erik.4,True,21,20,20,1,True
ES2002c - Light option,18,ES2002c.A.argumentstructs.Erik.5,ES2002c.A.argumentstructs.Erik.4,ES2002c.D.argumentstructs.Erik.9,False,23,20,21,2,True
ES2002c - Light option,19,ES2002c.D.argumentstructs.Erik.10,ES2002c.D.argumentstructs.Erik.9,ES2002c.A.argumentstructs.Erik.5,False,24,21,23,1,True
ES2002c - Light option,20,ES2002c.B.argumentstructs.Erik.6,ES2002c.D.argumentstructs.Erik.10,ES2002c.A.argumentstructs.Erik.5,False,26,24,23,3,True
ES2002c - Remote shape,0,ES2002c.A.argumentstructs.Erik.6,ROOT,NONE,NONE,0,0,0,0,False
ES2002c - Remote shape,1,ES2002c.B.argumentstructs.Erik.7,ES2002c.A.argumentstructs.Erik.6,ES2002c.A.argumentstructs.Erik.6,True,1,0,0,1,True
ES2002c - Remote shape,2,ES2002c.A.argumentstructs.Erik.7,ES2002c.A.argumentstructs.Erik.6,ES2002c.B.argumentstructs.Erik.7,False,2,0,1,1,True
ES2002c - Remote shape,3,ES2002c.D.argumentstructs.Erik.11,ES2002c.A.argumentstructs.Erik.7,ES2002c.A.argumentstructs.Erik.7,True,3,2,2,1,True
ES2002c - Remote shape,4,ES2002c.B.argumentstructs.Erik.8,ES2002c.A.argumentstructs.Erik.7,ES2002c.A.argumentstructs.Erik.7,True,4,2,2,2,True
ES2002c - Remote shape,5,ES2002c.A.argumentstructs.Erik.8,ES2002c.A.argumentstructs.Erik.6,ES2002c.B.argumentstructs.Erik.8,False,5,0,4,1,True
ES2002c - Remote shape,6,ES2002c.D.argumentstructs.Erik.12,ES2002c.D.argumentstructs.Erik.11,ES2002c.A.argumentstructs.Erik.8,False,7,3,5,2,True
ES2002c - Remote shape,7,ES2002c.B.argumentstructs.Erik.9,ES2002c.B.argumentstructs.Erik.8,ES2002c.B.argumentstructs.Erik.8,True,9,4,4,5,True
ES2002c - Remote shape,8,ES2002c.B.argumentstructs.Erik.10,ES2002c.B.argumentstructs.Erik.9,ES2002c.B.argumentstructs.Erik.9,True,10,9,9,1,True
ES2002c - Remote shape,9,ES2002c.D.argumentstructs.Erik.13,ES2002c.B.argumentstructs.Erik.10,ES2002c.B.argumentstructs.Erik.10,True,13,10,10,3,True
ES2002c - Remote shape,10,ES2002c.B.argumentstructs.Erik.11,ES2002c.B.argumentstructs.Erik.10,ES2002c.A.argumentstructs.Erik.6,False,14,10,0,14,False
ES2002c - Remote shape,11,ES2002c.C.argumentstructs.Erik.1,ES2002c.B.argumentstructs.Erik.11,ES2002c.B.argumentstructs.Erik.11,True,15,14,14,1,True
ES2002c - Remote shape,12,ES2002c.B.argumentstructs.Erik.12,ES2002c.C.argumentstructs.Erik.1,ES2002c.C.argumentstructs.Erik.1,True,16,15,15,1,True
ES2002c - Remote shape,13,ES2002c.C.argumentstructs.Erik.2,ES2002c.B.argumentstructs.Erik.12,ES2002c.B.argumentstructs.Erik.12,True,17,16,16,1,True
ES2002c - Remote shape,14,ES2002c.B.argumentstructs.Erik.13,ES2002c.B.argumentstructs.Erik.12,ES2002c.C.argumentstructs.Erik.2,False,19,16,17,2,True
ES2002c - Remote shape,15,ES2002c.D.argumentstructs.Erik.14,ES2002c.B.argumentstructs.Erik.13,ES2002c.B.argumentstructs.Erik.13,True,20,19,19,1,True
ES2002c - Remote shape,16,ES2002c.B.argumentstructs.Erik.14,ES2002c.B.argumentstructs.Erik.13,ES2002c.B.argumentstructs.Erik.13,True,22,19,19,3,True
ES2002c - Remote shape,17,ES2002c.B.argumentstructs.Erik.15,ES2002c.B.argumentstructs.Erik.14,ES2002c.C.argumentstructs.Erik.2,False,23,22,17,6,True
ES2002c - Remote shape,18,ES2002c.D.argumentstructs.Erik.15,ES2002c.B.argumentstructs.Erik.15,ES2002c.B.argumentstructs.Erik.15,True,24,23,23,1,True
ES2002c - Remote shape,19,ES2002c.C.argumentstructs.Erik.3,ES2002c.B.argumentstructs.Erik.13,ES2002c.B.argumentstructs.Erik.15,False,25,19,23,2,True
ES2002c - Remote shape,20,ES2002c.D.argumentstructs.Erik.16,ES2002c.B.argumentstructs.Erik.14,ES2002c.C.argumentstructs.Erik.3,False,26,22,25,1,True
ES2002c - Remote shape,21,ES2002c.B.argumentstructs.Erik.16,ES2002c.B.argumentstructs.Erik.15,ES2002c.C.argumentstructs.Erik.3,False,27,23,25,2,True
ES2002c - Remote shape,22,ES2002c.B.argumentstructs.Erik.17,ES2002c.B.argumentstructs.Erik.16,ES2002c.C.argumentstructs.Erik.3,False,30,27,25,5,True
ES2002c - Technology,0,ES2002c.D.argumentstructs.Erik.20,ROOT,NONE,NONE,0,0,0,0,False
ES2002c - Technology,1,ES2002c.B.argumentstructs.Erik.23,ES2002c.D.argumentstructs.Erik.20,ES2002c.D.argumentstructs.Erik.20,True,2,0,0,2,True
ES2002c - Technology,2,ES2002c.D.argumentstructs.Erik.21,ES2002c.B.argumentstructs.Erik.23,ES2002c.B.argumentstructs.Erik.23,True,3,2,2,1,True
ES2002c - Technology,3,ES2002c.A.argumentstructs.Erik.14,ES2002c.B.argumentstructs.Erik.23,ES2002c.B.argumentstructs.Erik.23,True,4,2,2,2,True
ES2002c - Technology,4,ES2002c.D.argumentstructs.Erik.22,ES2002c.A.argumentstructs.Erik.14,ES2002c.A.argumentstructs.Erik.14,True,5,4,4,1,True
ES2002c - Technology,5,ES2002c.B.argumentstructs.Erik.24,ES2002c.B.argumentstructs.Erik.23,ES2002c.A.argumentstructs.Erik.14,False,6,2,4,2,True
ES2002c - Technology,6,ES2002c.D.argumentstructs.Erik.23,ES2002c.D.argumentstructs.Erik.22,ES2002c.B.argumentstructs.Erik.24,False,7,5,6,1,True
ES2002c - Technology,7,ES2002c.B.argumentstructs.Erik.25,ES2002c.A.argumentstructs.Erik.14,ES2002c.A.argumentstructs.Erik.14,True,9,4,4,5,True
ES2002c - Technology,8,ES2002c.D.argumentstructs.Erik.24,ES2002c.B.argumentstructs.Erik.25,ES2002c.B.argumentstructs.Erik.25,True,10,9,9,1,True
ES2002c - Technology,9,ES2002c.A.argumentstructs.Erik.15,ES2002c.D.argumentstructs.Erik.24,ES2002c.B.argumentstructs.Erik.25,False,11,10,9,2,True
ES2002c - Technology,10,ES2002c.A.argumentstructs.Erik.16,ES2002c.B.argumentstructs.Erik.25,ES2002c.B.argumentstructs.Erik.23,False,14,9,2,12,False
ES2002c - Technology,11,ES2002c.D.argumentstructs.Erik.25,ES2002c.D.argumentstructs.Erik.24,ES2002c.A.argumentstructs.Erik.16,False,15,10,14,1,True
ES2002c - Technology,12,ES2002c.D.argumentstructs.Erik.26,ES2002c.A.argumentstructs.Erik.16,ES2002c.A.argumentstructs.Erik.16,True,17,14,14,3,True
ES2002c - Technology,13,ES2002c.A.argumentstructs.Erik.17,ES2002c.D.argumentstructs.Erik.26,ES2002c.A.argumentstructs.Erik.16,False,18,17,14,4,True
ES2002c - Technology,14,ES2002c.B.argumentstructs.Erik.26,ES2002c.A.argumentstructs.Erik.17,ES2002c.A.argumentstructs.Erik.16,False,19,18,14,5,True
ES2002c - Technology,15,ES2002c.D.argumentstructs.Erik.27,ES2002c.B.argumentstructs.Erik.26,ES2002c.A.argumentstructs.Erik.17,False,21,19,18,3,True
ES2002d - Digital pens,0,ES2002d.B.argumentstructs.Erik.37,ROOT,NONE,NONE,0,0,0,0,False
ES2002d - Digital pens,1,ES2002d.D.argumentstructs.Erik.14,ES2002d.B.argumentstructs.Erik.37,ES2002d.B.argumentstructs.Erik.37,True,1,0,0,1,True
ES2002d - Digital pens,2,ES2002d.C.argumentstructs.Erik.30,ES2002d.B.argumentstructs.Erik.37,ES2002d.B.argumentstructs.Erik.37,True,2,0,0,2,True
ES2002d - Digital pens,3,ES2002d.A.argumentstructs.Erik.28,ES2002d.D.argumentstructs.Erik.14,ES2002d.B.argumentstructs.Erik.37,False,3,1,0,3,True
ES2002d - Digital pens,4,ES2002d.B.argumentstructs.Erik.38,ES2002d.B.argumentstructs.Erik.37,ES2002d.D.argumentstructs.Erik.14,False,4,0,1,3,True
ES2002d - Digital pens,5,ES2002d.C.argumentstructs.Erik.31,ES2002d.B.argumentstructs.Erik.38,ES2002d.D.argumentstructs.Erik.14,False,5,4,1,4,True
ES2002d - Digital pens,6,ES2002d.B.argumentstructs.Erik.39,ES2002d.D.argumentstructs.Erik.14,ES2002d.D.argumentstructs.Erik.14,True,7,1,1,6,True
ES2002d - Digital pens,7,ES2002d.A.argumentstructs.Erik.29,ES2002d.A.argumentstructs.Erik.28,ES2002d.B.argumentstructs.Erik.37,False,9,3,0,9,False
ES2002d - Digital pens,8,ES2002d.B.argumentstructs.Erik.40,ES2002d.B.argumentstructs.Erik.39,ES2002d.A.argumentstructs.Erik.29,False,10,7,9,1,True
ES2002d - Digital pens,9,ES2002d.B.argumentstructs.Erik.41,ES2002d.A.argumentstructs.Erik.29,ES2002d.A.argumentstructs.Erik.29,True,11,9,9,2,True
ES2002d - Digital pens,10,ES2002d.C.argumentstructs.Erik.32,ES2002d.B.argumentstructs.Erik.41,ES2002d.B.argumentstructs.Erik.41,True,12,11,11,1,True
ES2002d - Digital pens,11,ES2002d.A.argumentstructs.Erik.30,ES2002d.A.argumentstructs.Erik.29,ES2002d.B.argumentstructs.Erik.37,False,14,9,0,14,False
ES2002d - Digital pens,12,ES2002d.B.argumentstructs.Erik.42,ES2002d.B.argumentstructs.Erik.40,ES2002d.A.argumentstructs.Erik.30,False,15,10,14,1,True
ES2002d - Jog dial use,0,ES2002d.B.argumentstructs.Erik.7,ROOT,NONE,NONE,0,0,0,0,False
ES2002d - Jog dial use,1,ES2002d.D.argumentstructs.Erik.5,ES2002d.B.argumentstructs.Erik.7,ES2002d.B.argumentstructs.Erik.7,True,2,0,0,2,True
ES2002d - Jog dial use,2,ES2002d.B.argumentstructs.Erik.8,ES2002d.D.argumentstructs.Erik.5,ES2002d.D.argumentstructs.Erik.5,True,3,2,2,1,True
ES2002d - Jog dial use,3,ES2002d.D.argumentstructs.Erik.6,ES2002d.B.argumentstructs.Erik.8,ES2002d.B.argumentstructs.Erik.8,True,5,3,3,2,True
ES2002d - Jog dial use,4,ES2002d.B.argumentstructs.Erik.9,ES2002d.B.argumentstructs.Erik.8,ES2002d.D.argumentstructs.Erik.6,False,6,3,5,1,True
ES2002d - Jog dial use,5,ES2002d.D.argumentstructs.Erik.7,ES2002d.B.argumentstructs.Erik.9,ES2002d.B.argumentstructs.Erik.9,True,7,6,6,1,True
ES2002d - Jog dial use,6,ES2002d.A.argumentstructs.Erik.10,ES2002d.B.argumentstructs.Erik.8,ES2002d.D.argumentstructs.Erik.7,False,8,3,7,1,True
ES2002d - Jog dial use,7,ES2002d.B.argumentstructs.Erik.10,ES2002d.A.argumentstructs.Erik.10,ES2002d.A.argumentstructs.Erik.10,True,10,8,8,2,True
ES2002d - Jog dial use,8,ES2002d.A.argumentstructs.Erik.11,ES2002d.A.argumentstructs.Erik.10,ES2002d.B.argumentstructs.Erik.7,False,12,8,0,12,False
ES2002d - Jog dial use,9,ES2002d.B.argumentstructs.Erik.11,ES2002d.A.argumentstructs.Erik.11,ES2002d.A.argumentstructs.Erik.11,True,13,12,12,1,True
ES2002d - Jog dial use,10,ES2002d.C.argumentstructs.Erik.9,ES2002d.A.argumentstructs.Erik.11,ES2002d.A.argumentstructs.Erik.11,True,14,12,12,2,True
ES2002d - Jog dial use,11,ES2002d.A.argumentstructs.Erik.12,ES2002d.C.argumentstructs.Erik.9,ES2002d.C.argumentstructs.Erik.9,True,16,14,14,2,True
ES2002d - Jog dial use,12,ES2002d.B.argumentstructs.Erik.12,ES2002d.C.argumentstructs.Erik.9,ES2002d.C.argumentstructs.Erik.9,True,17,14,14,3,True
ES2002d - Jog dial use,13,ES2002d.B.argumentstructs.Erik.13,ES2002d.A.argumentstructs.Erik.12,ES2002d.B.argumentstructs.Erik.7,False,19,16,0,19,False
ES2002d - Jog dial use,14,ES2002d.A.argumentstructs.Erik.13,ES2002d.B.argumentstructs.Erik.13,ES2002d.B.argumentstructs.Erik.13,True,20,19,19,1,True
ES2002d - Jog dial use,15,ES2002d.D.argumentstructs.Erik.8,ES2002d.C.argumentstructs.Erik.9,ES2002d.B.argumentstructs.Erik.13,False,23,14,19,4,True
ES2002d - Jog dial use,16,ES2002d.A.argumentstructs.Erik.14,ES2002d.B.argumentstructs.Erik.13,ES2002d.D.argumentstructs.Erik.8,False,24,19,23,1,True
ES2002d - Jog dial use,17,ES2002d.B.argumentstructs.Erik.14,ES2002d.B.argumentstructs.Erik.13,ES2002d.A.argumentstructs.Erik.14,False,25,19,24,1,True
ES2002d - Jog dial use,18,ES2002d.B.argumentstructs.Erik.15,ES2002d.B.argumentstructs.Erik.14,ES2002d.A.argumentstructs.Erik.14,False,26,25,24,2,True
ES2002d - Jog dial use,19,ES2002d.C.argumentstructs.Erik.10,ES2002d.B.argumentstructs.Erik.15,ES2002d.A.argumentstructs.Erik.14,False,27,26,24,3,True
ES2002d - Jog dial use,20,ES2002d.A.argumentstructs.Erik.15,ES2002d.B.argumentstructs.Erik.14,ES2002d.A.argumentstructs.Erik.14,False,28,25,24,4,True
ES2002d - Leadership,0,ES2002d.B.argumentstructs.Erik.21,ROOT,NONE,NONE,1,0,0,1,False
ES2002d - Leadership,1,ES2002d.B.argumentstructs.Erik.22,ES2002d.B.argumentstructs.Erik.21,ES2002d.B.argumentstructs.Erik.21,True,2,1,1,1,True
ES2002d - Leadership,2,ES2002d.C.argumentstructs.Erik.15,ES2002d.B.argumentstructs.Erik.21,ES2002d.B.argumentstructs.Erik.21,True,3,1,1,2,True
ES2002d - Leadership,3,ES2002d.B.argumentstructs.Erik.23,ES2002d.C.argumentstructs.Erik.15,ES2002d.C.argumentstructs.Erik.15,True,4,3,3,1,True
ES2002d - Leadership,4,ES2002d.C.argumentstructs.Erik.16,ES2002d.C.argumentstructs.Erik.15,ES2002d.B.argumentstructs.Erik.23,False,5,3,4,1,True
ES2002d - Leadership,5,ES2002d.B.argumentstructs.Erik.24,ES2002d.B.argumentstructs.Erik.23,ES2002d.C.argumentstructs.Erik.16,False,6,4,5,1,True
ES2002d - Leadership,6,ES2002d.C.argumentstructs.Erik.17,ES2002d.C.argumentstructs.Erik.16,ES2002d.B.argumentstructs.Erik.21,False,10,5,1,9,False
ES2002d - Leadership,7,ES2002d.B.argumentstructs.Erik.25,ES2002d.B.argumentstructs.Erik.24,ES2002d.C.argumentstructs.Erik.17,False,11,6,10,1,True
ES2002d - Leadership,8,ES2002d.C.argumentstructs.Erik.18,ES2002d.C.argumentstructs.Erik.17,ES2002d.C.argumentstructs.Erik.17,True,12,10,10,2,True
ES2002d - Leadership,9,ES2002d.B.argumentstructs.Erik.26,ES2002d.C.argumentstructs.Erik.18,ES2002d.C.argumentstructs.Erik.18,True,13,12,12,1,True
ES2002d - Leadership,10,ES2002d.C.argumentstructs.Erik.19,ES2002d.B.argumentstructs.Erik.26,ES2002d.B.argumentstructs.Erik.26,True,14,13,13,1,True
ES2002d - Leadership,11,ES2002d.A.argumentstructs.Erik.22,ES2002d.B.argumentstructs.Erik.26,ES2002d.B.argumentstructs.Erik.26,True,15,13,13,2,True
ES2002d - Leadership,12,ES2002d.C.argumentstructs.Erik.20,ES2002d.A.argumentstructs.Erik.22,ES2002d.A.argumentstructs.Erik.22,True,16,15,15,1,True
ES2002d - Leadership,13,ES2002d.B.argumentstructs.Erik.28,ES2002d.B.argumentstructs.Erik.26,ES2002d.A.argumentstructs.Erik.22,False,18,13,15,3,True
ES2002d - Remote height,0,ES2002d.A.argumentstructs.Erik.16,ROOT,NONE,NONE,1,0,0,1,False
ES2002d - Remote height,1,ES2002d.B.argumentstructs.Erik.16,ES2002d.A.argumentstructs.Erik.16,ES2002d.A.argumentstructs.Erik.16,True,2,1,1,1,True
ES2002d - Remote height,2,ES2002d.A.argumentstructs.Erik.17,ES2002d.B.argumentstructs.Erik.16,ES2002d.B.argumentstructs.Erik.16,True,3,2,2,1,True
ES2002d - Remote height,3,ES2002d.B.argumentstructs.Erik.17,ES2002d.A.argumentstructs.Erik.16,ES2002d.A.argumentstructs.Erik.17,False,5,1,3,2,True
ES2002d - Remote height,4,ES2002d.B.argumentstructs.Erik.18,ES2002d.B.argumentstructs.Erik.17,ES2002d.A.argumentstructs.Erik.16,False,6,5,1,5,True
ES2002d - Remote height,5,ES2002d.D.argumentstructs.Erik.9,ES2002d.B.argumentstructs.Erik.18,ES2002d.B.argumentstructs.Erik.19,False,7,6,9,2,False
ES2002d - Remote height,6,ES2002d.A.argumentstructs.Erik.18,ES2002d.B.argumentstructs.Erik.18,ES2002d.B.argumentstructs.Erik.19,False,8,6,9,1,False
ES2002d - Remote height,7,ES2002d.B.argumentstructs.Erik.19,ES2002d.B.argumentstructs.Erik.18,ES2002d.B.argumentstructs.Erik.18,True,9,6,6,3,True
ES2002d - Remote height,8,ES2002d.C.argumentstructs.Erik.11,ES2002d.B.argumentstructs.Erik.19,ES2002d.B.argumentstructs.Erik.19,True,10,9,9,1,True
ES2002d - Remote height,9,ES2002d.C.argumentstructs.Erik.12,ES2002d.C.argumentstructs.Erik.11,ES2002d.C.argumentstructs.Erik.11,True,11,10,10,1,True
ES2002d - Remote height,10,ES2002d.A.argumentstructs.Erik.19,ES2002d.A.argumentstructs.Erik.18,ES2002d.C.argumentstructs.Erik.12,False,12,8,11,1,True
ES2002d - Remote height,11,ES2002d.A.argumentstructs.Erik.20,ES2002d.A.argumentstructs.Erik.18,ES2002d.A.argumentstructs.Erik.19,False,13,8,12,1,True
ES2002d - Remote height,12,ES2002d.D.argumentstructs.Erik.10,ES2002d.A.argumentstructs.Erik.20,ES2002d.C.argumentstructs.Erik.12,False,14,13,11,3,True
ES2002d - Remote height,13,ES2002d.C.argumentstructs.Erik.13,ES2002d.A.argumentstructs.Erik.20,ES2002d.C.argumentstructs.Erik.12,False,15,13,11,4,True
ES2002d - Remote height,14,ES2002d.B.argumentstructs.Erik.20,ES2002d.A.argumentstructs.Erik.20,ES2002d.D.argumentstructs.Erik.10,False,16,13,14,2,True
ES2002d - Remote height,15,ES2002d.C.argumentstructs.Erik.14,ES2002d.B.argumentstructs.Erik.20,ES2002d.B.argumentstructs.Erik.20,True,17,16,16,1,True
ES2002d - Remote height,16,ES2002d.A.argumentstructs.Erik.21,ES2002d.C.argumentstructs.Erik.14,ES2002d.C.argumentstructs.Erik.14,True,18,17,17,1,True
ES2002d - Remote size,0,ES2002d.B.argumentstructs.Erik.1,ROOT,NONE,NONE,1,0,0,1,False
ES2002d - Remote size,1,ES2002d.D.argumentstructs.Erik.1,ES2002d.B.argumentstructs.Erik.1,ES2002d.B.argumentstructs.Erik.1,True,2,1,1,1,True
ES2002d - Remote size,2,ES2002d.C.argumentstructs.Erik.1,ES2002d.D.argumentstructs.Erik.1,ES2002d.D.argumentstructs.Erik.1,True,4,2,2,2,True
ES2002d - Remote size,3,ES2002d.A.argumentstructs.Erik.1,ES2002d.B.argumentstructs.Erik.1,ES2002d.D.argumentstructs.Erik.1,False,6,1,2,4,True
ES2002d - Remote size,4,ES2002d.C.argumentstructs.Erik.2,ES2002d.B.argumentstructs.Erik.1,ES2002d.A.argumentstructs.Erik.1,False,8,1,6,2,True
ES2002d - Remote size,5,ES2002d.A.argumentstructs.Erik.2,ES2002d.C.argumentstructs.Erik.2,ES2002d.C.argumentstructs.Erik.2,True,9,8,8,1,True
ES2002d - Remote size,6,ES2002d.B.argumentstructs.Erik.2,ES2002d.C.argumentstructs.Erik.2,ES2002d.A.argumentstructs.Erik.2,False,10,8,9,1,True
ES2002d - Remote size,7,ES2002d.C.argumentstructs.Erik.3,ES2002d.B.argumentstructs.Erik.2,ES2002d.B.argumentstructs.Erik.2,True,11,10,10,1,True
ES2002d - Remote size,8,ES2002d.A.argumentstructs.Erik.3,ES2002d.C.argumentstructs.Erik.3,ES2002d.B.argumentstructs.Erik.2,False,14,11,10,4,True
ES2002d - Remote size,9,ES2002d.C.argumentstructs.Erik.4,ES2002d.B.argumentstructs.Erik.2,ES2002d.B.argumentstructs.Erik.2,True,16,10,10,6,True
ES2002d - Remote size,10,ES2002d.B.argumentstructs.Erik.3,ES2002d.B.argumentstructs.Erik.2,ES2002d.C.argumentstructs.Erik.4,False,17,10,16,1,True
ES2002d - Remote width,0,ES2002d.A.argumentstructs.Erik.4,ROOT,NONE,NONE,0,0,0,0,False
ES2002d - Remote width,1,ES2002d.D.argumentstructs.Erik.2,ES2002d.A.argumentstructs.Erik.4,ES2002d.A.argumentstructs.Erik.4,True,1,0,0,1,True
ES2002d - Remote width,2,ES2002d.B.argumentstructs.Erik.4,ES2002d.A.argumentstructs.Erik.4,ES2002d.D.argumentstructs.Erik.2,False,2,0,1,1,True
ES2002d - Remote width,3,ES2002d.C.argumentstructs.Erik.5,ES2002d.A.argumentstructs.Erik.4,ES2002d.A.argumentstructs.Erik.4,True,3,0,0,3,True
ES2002d - Remote width,4,ES2002d.A.argumentstructs.Erik.5,ES2002d.A.argumentstructs.Erik.4,ES2002d.C.argumentstructs.Erik.5,False,4,0,3,1,True
ES2002d - Remote width,5,ES2002d.C.argumentstructs.Erik.6,ES2002d.A.argumentstructs.Erik.5,ES2002d.A.argumentstructs.Erik.5,True,5,4,4,1,True
ES2002d - Remote width,6,ES2002d.D.argumentstructs.Erik.3,ES2002d.C.argumentstructs.Erik.5,ES2002d.A.argumentstructs.Erik.5,False,6,3,4,2,True
ES2002d - Remote width,7,ES2002d.B.argumentstructs.Erik.5,ES2002d.A.argumentstructs.Erik.5,ES2002d.A.argumentstructs.Erik.5,True,7,4,4,3,True
ES2002d - Remote width,8,ES2002d.A.argumentstructs.Erik.6,ES2002d.D.argumentstructs.Erik.3,ES2002d.D.argumentstructs.Erik.3,True,8,6,6,2,True
ES2002d - Remote width,9,ES2002d.C.argumentstructs.Erik.7,ES2002d.C.argumentstructs.Erik.6,ES2002d.A.argumentstructs.Erik.6,False,10,5,8,2,True
ES2002d - Remote width,10,ES2002d.D.argumentstructs.Erik.4,ES2002d.D.argumentstructs.Erik.3,ES2002d.A.argumentstructs.Erik.6,False,11,6,8,3,True
ES2002d - Remote width,11,ES2002d.B.argumentstructs.Erik.6,ES2002d.B.argumentstructs.Erik.5,ES2002d.C.argumentstructs.Erik.5,False,12,7,3,9,False
ES2002d - Remote width,12,ES2002d.A.argumentstructs.Erik.7,ES2002d.B.argumentstructs.Erik.6,ES2002d.B.argumentstructs.Erik.6,True,13,12,12,1,True
ES2002d - Teamwork,0,ES2002d.B.argumentstructs.Erik.29,ROOT,NONE,NONE,0,0,0,0,False
ES2002d - Teamwork,1,ES2002d.C.argumentstructs.Erik.21,ES2002d.B.argumentstructs.Erik.29,ES2002d.B.argumentstructs.Erik.29,True,1,0,0,1,True
ES2002d - Teamwork,2,ES2002d.D.argumentstructs.Erik.11,ES2002d.B.argumentstructs.Erik.29,ES2002d.C.argumentstructs.Erik.21,False,2,0,1,1,True
ES2002d - Teamwork,3,ES2002d.C.argumentstructs.Erik.22,ES2002d.C.argumentstructs.Erik.21,ES2002d.D.argumentstructs.Erik.11,False,3,1,2,1,True
ES2002d - Teamwork,4,ES2002d.B.argumentstructs.Erik.30,ES2002d.B.argumentstructs.Erik.29,ES2002d.D.argumentstructs.Erik.11,False,4,0,2,2,True
ES2002d - Teamwork,5,ES2002d.D.argumentstructs.Erik.12,ES2002d.D.argumentstructs.Erik.11,ES2002d.D.argumentstructs.Erik.11,True,5,2,2,3,True
ES2002d - Teamwork,6,ES2002d.C.argumentstructs.Erik.23,ES2002d.C.argumentstructs.Erik.22,ES2002d.D.argumentstructs.Erik.12,False,6,3,5,1,True
ES2002d - Teamwork,7,ES2002d.B.argumentstructs.Erik.31,ES2002d.B.argumentstructs.Erik.30,ES2002d.D.argumentstructs.Erik.12,False,7,4,5,2,True
ES2002d - Teamwork,8,ES2002d.C.argumentstructs.Erik.24,ES2002d.D.argumentstructs.Erik.12,ES2002d.D.argumentstructs.Erik.12,True,8,5,5,3,True
ES2002d - Teamwork,9,ES2002d.A.argumentstructs.Erik.23,ES2002d.D.argumentstructs.Erik.12,ES2002d.D.argumentstructs.Erik.12,True,9,5,5,4,True
ES2002d - Teamwork,10,ES2002d.C.argumentstructs.Erik.25,ES2002d.C.argumentstructs.Erik.23,ES2002d.A.argumentstructs.Erik.23,False,11,6,9,2,True
ES2002d - Teamwork,11,ES2002d.B.argumentstructs.Erik.33,ES2002d.A.argumentstructs.Erik.23,ES2002d.A.argumentstructs.Erik.23,True,12,9,9,3,True
ES2002d - Teamwork,12,ES2002d.C.argumentstructs.Erik.26,ES2002d.B.argumentstructs.Erik.33,ES2002d.B.argumentstructs.Erik.32,False,13,12,19,6,False
ES2002d - Teamwork,13,ES2002d.D.argumentstructs.Erik.13,ES2002d.B.argumentstructs.Erik.33,ES2002d.B.argumentstructs.Erik.33,True,14,12,12,2,True
ES2002d - Teamwork,14,ES2002d.A.argumentstructs.Erik.24,ES2002d.B.argumentstructs.Erik.33,ES2002d.B.argumentstructs.Erik.33,True,15,12,12,3,True
ES2002d - Teamwork,15,ES2002d.C.argumentstructs.Erik.27,ES2002d.B.argumentstructs.Erik.33,ES2002d.B.argumentstructs.Erik.33,True,17,12,12,5,True
ES2002d - Teamwork,16,ES2002d.B.argumentstructs.Erik.32,ES2002d.B.argumentstructs.Erik.33,ES2002d.B.argumentstructs.Erik.29,False,19,12,0,19,False
ES2002d - Teamwork,17,ES2002d.A.argumentstructs.Erik.25,ES2002d.B.argumentstructs.Erik.32,ES2002d.B.argumentstructs.Erik.29,False,21,19,0,21,False
ES2002d - Teamwork,18,ES2002d.C.argumentstructs.Erik.28,ES2002d.B.argumentstructs.Erik.32,ES2002d.A.argumentstructs.Erik.25,False,22,19,21,1,True
ES2002d - Teamwork,19,ES2002d.B.argumentstructs.Erik.34,ES2002d.C.argumentstructs.Erik.28,ES2002d.A.argumentstructs.Erik.25,False,23,22,21,2,True
ES2002d - Teamwork,20,ES2002d.C.argumentstructs.Erik.29,ES2002d.B.argumentstructs.Erik.32,ES2002d.A.argumentstructs.Erik.25,False,26,19,21,5,True
ES2002d - Teamwork,21,ES2002d.A.argumentstructs.Erik.26,ES2002d.C.argumentstructs.Erik.29,ES2002d.C.argumentstructs.Erik.29,True,27,26,26,1,True
ES2002d - Teamwork,22,ES2002d.B.argumentstructs.Erik.35,ES2002d.B.argumentstructs.Erik.34,ES2002d.C.argumentstructs.Erik.29,False,28,23,26,2,True
ES2002d - Teamwork,23,ES2002d.B.argumentstructs.Erik.36,ES2002d.B.argumentstructs.Erik.35,ES2002d.B.argumentstructs.Erik.29,False,30,28,0,30,False
ES2002d - Teamwork,24,ES2002d.A.argumentstructs.Erik.27,ES2002d.B.argumentstructs.Erik.36,ES2002d.B.argumentstructs.Erik.36,True,31,30,30,1,True
ES2003a - Marktpositie AB,0,ES2003a.B.argumentstructs.Erik.1,ROOT,NONE,NONE,0,0,0,0,False
ES2003a - Marktpositie AB,1,ES2003a.A.argumentstructs.Erik.1,ES2003a.B.argumentstructs.Erik.1,ES2003a.B.argumentstructs.Erik.1,True,1,0,0,1,True
ES2003a - Marktpositie AB,2,ES2003a.B.argumentstructs.Erik.2,ES2003a.B.argumentstructs.Erik.1,ES2003a.A.argumentstructs.Erik.2,False,2,0,3,1,False
ES2003a - Marktpositie AB,3,ES2003a.A.argumentstructs.Erik.2,ES2003a.B.argumentstructs.Erik.1,ES2003a.A.argumentstructs.Erik.1,False,3,0,1,2,True
ES2003a - Marktpositie AB,4,ES2003a.B.argumentstructs.Erik.3,ES2003a.A.argumentstructs.Erik.2,ES2003a.A.argumentstructs.Erik.2,True,4,3,3,1,True
ES2003a - Marktpositie AB,5,ES2003a.A.argumentstructs.Erik.3,ES2003a.B.argumentstructs.Erik.3,ES2003a.B.argumentstructs.Erik.3,True,5,4,4,1,True
ES2003a - Marktpositie AB,6,ES2003a.B.argumentstructs.Erik.4,ES2003a.A.argumentstructs.Erik.1,ES2003a.A.argumentstructs.Erik.2,False,7,1,3,4,True
ES2003a - Marktpositie AB,7,ES2003a.A.argumentstructs.Erik.4,ES2003a.B.argumentstructs.Erik.4,ES2003a.B.argumentstructs.Erik.4,True,8,7,7,1,True
ES2003a - Marktpositie AB,8,ES2003a.B.argumentstructs.Erik.5,ES2003a.A.argumentstructs.Erik.4,ES2003a.A.argumentstructs.Erik.4,True,9,8,8,1,True
ES2003a - Marktpositie AB,9,ES2003a.A.argumentstructs.Erik.5,ES2003a.B.argumentstructs.Erik.5,ES2003a.A.argumentstructs.Erik.4,False,10,9,8,2,True
ES2003a - Marktpositie AB,10,ES2003a.B.argumentstructs.Erik.6,ES2003a.A.argumentstructs.Erik.5,ES2003a.A.argumentstructs.Erik.5,True,11,10,10,1,True
ES2003a - Marktpositie AB,11,ES2003a.C.argumentstructs.Erik.1,ES2003a.B.argumentstructs.Erik.6,ES2003a.A.argumentstructs.Erik.5,False,12,11,10,2,True
ES2003a - Marktpositie AB,12,ES2003a.B.argumentstructs.Erik.7,ES2003a.B.argumentstructs.Erik.6,ES2003a.A.argumentstructs.Erik.5,False,14,11,10,4,True
ES2003a - Marktpositie AB,13,ES2003a.C.argumentstructs.Erik.2,ES2003a.B.argumentstructs.Erik.7,ES2003a.B.argumentstructs.Erik.7,True,15,14,14,1,True
ES2003a - Marktpositie AB,14,ES2003a.A.argumentstructs.Erik.6,ES2003a.B.argumentstructs.Erik.7,ES2003a.C.argumentstructs.Erik.2,False,16,14,15,1,True
ES2003a - Marktpositie AB,15,ES2003a.B.argumentstructs.Erik.9,ES2003a.B.argumentstructs.Erik.7,ES2003a.C.argumentstructs.Erik.2,False,18,14,15,3,True
ES2003a - Marktpositie AB,16,ES2003a.B.argumentstructs.Erik.10,ES2003a.C.argumentstructs.Erik.2,ES2003a.C.argumentstructs.Erik.2,True,19,15,15,4,True
ES2003a - Marktpositie AB,17,ES2003a.D.argumentstructs.Erik.1,ES2003a.A.argumentstructs.Erik.6,ES2003a.B.argumentstructs.Erik.10,False,20,16,19,1,True
ES2003a - Marktpositie AB,18,ES2003a.A.argumentstructs.Erik.7,ES2003a.C.argumentstructs.Erik.2,ES2003a.B.argumentstructs.Erik.10,False,21,15,19,2,True
ES2003a - Marktpositie AB,19,ES2003a.C.argumentstructs.Erik.3,ES2003a.B.argumentstructs.Erik.10,ES2003a.B.argumentstructs.Erik.10,True,22,19,19,3,True
ES2003a - Marktpositie AB,20,ES2003a.C.argumentstructs.Erik.6,ES2003a.C.argumentstructs.Erik.3,ES2003a.C.argumentstructs.Erik.2,False,23,22,15,8,False
ES2003a - Marktpositie AB,21,ES2003a.C.argumentstructs.Erik.5,ES2003a.C.argumentstructs.Erik.6,ES2003a.C.argumentstructs.Erik.2,False,24,23,15,9,False
ES2003a - User wishes,0,ES2003a.B.argumentstructs.Erik.11,ROOT,NONE,NONE,0,0,0,0,False
ES2003a - User wishes,1,ES2003a.D.argumentstructs.Erik.2,ES2003a.B.argumentstructs.Erik.11,ES2003a.B.argumentstructs.Erik.11,True,2,0,0,2,True
ES2003a - User wishes,2,ES2003a.C.argumentstructs.Erik.7,ES2003a.B.argumentstructs.Erik.11,ES2003a.D.argumentstructs.Erik.2,False,3,0,2,1,True
ES2003a - User wishes,3,ES2003a.D.argumentstructs.Erik.3,ES2003a.D.argumentstructs.Erik.2,ES2003a.D.argumentstructs.Erik.2,True,4,2,2,2,True
ES2003a - User wishes,4,ES2003a.C.argumentstructs.Erik.8,ES2003a.B.argumentstructs.Erik.11,ES2003a.D.argumentstructs.Erik.3,False,5,0,4,1,True
ES2003a - User wishes,5,ES2003a.B.argumentstructs.Erik.12,ES2003a.D.argumentstructs.Erik.3,ES2003a.D.argumentstructs.Erik.3,True,6,4,4,2,True
ES2003a - User wishes,6,ES2003a.D.argumentstructs.Erik.4,ES2003a.B.argumentstructs.Erik.12,ES2003a.B.argumentstructs.Erik.12,True,7,6,6,1,True
ES2003a - User wishes,7,ES2003a.B.argumentstructs.Erik.13,ES2003a.B.argumentstructs.Erik.12,ES2003a.B.argumentstructs.Erik.12,True,9,6,6,3,True
ES2003a - User wishes,8,ES2003a.A.argumentstructs.Erik.8,ES2003a.B.argumentstructs.Erik.13,ES2003a.B.argumentstructs.Erik.13,True,10,9,9,1,True
ES2003a - User wishes,9,ES2003a.A.argumentstructs.Erik.9,ES2003a.B.argumentstructs.Erik.13,ES2003a.B.argumentstructs.Erik.11,False,11,9,0,11,False
ES2003a - User wishes,10,ES2003a.B.argumentstructs.Erik.14,ES2003a.B.argumentstructs.Erik.13,ES2003a.A.argumentstructs.Erik.9,False,12,9,11,1,True
ES2003a - User wishes,11,ES2003a.B.argumentstructs.Erik.15,ES2003a.B.argumentstructs.Erik.13,ES2003a.A.argumentstructs.Erik.9,False,13,9,11,2,True
ES2003a - User wishes,12,ES2003a.A.argumentstructs.Erik.10,ES2003a.A.argumentstructs.Erik.9,ES2003a.B.argumentstructs.Erik.15,False,14,11,13,1,True
ES2003a - User wishes,13,ES2003a.B.argumentstructs.Erik.16,ES2003a.A.argumentstructs.Erik.10,ES2003a.A.argumentstructs.Erik.10,True,15,14,14,1,True
ES2003a - User wishes,14,ES2003a.B.argumentstructs.Erik.17,ES2003a.B.argumentstructs.Erik.16,ES2003a.B.argumentstructs.Erik.16,True,16,15,15,1,True
ES2003b - Joystick use,0,ES2003b.A.argumentstructs.Erik.1,ROOT,NONE,NONE,0,0,0,0,False
ES2003b - Joystick use,1,ES2003b.D.argumentstructs.Erik.1,ES2003b.A.argumentstructs.Erik.1,ES2003b.A.argumentstructs.Erik.1,True,2,0,0,2,True
ES2003b - Joystick use,2,ES2003b.A.argumentstructs.Erik.2,ES2003b.D.argumentstructs.Erik.1,ES2003b.D.argumentstructs.Erik.1,True,3,2,2,1,True
ES2003b - Joystick use,3,ES2003b.D.argumentstructs.Erik.2,ES2003b.A.argumentstructs.Erik.2,ES2003b.A.argumentstructs.Erik.2,True,4,3,3,1,True
ES2003b - Joystick use,4,ES2003b.C.argumentstructs.Erik.1,ES2003b.D.argumentstructs.Erik.2,ES2003b.A.argumentstructs.Erik.2,False,6,4,3,3,True
ES2003b - Joystick use,5,ES2003b.A.argumentstructs.Erik.3,ES2003b.D.argumentstructs.Erik.1,ES2003b.A.argumentstructs.Erik.2,False,7,2,3,4,True
ES2003b - Joystick use,6,ES2003b.A.argumentstructs.Erik.4,ES2003b.D.argumentstructs.Erik.1,ES2003b.A.argumentstructs.Erik.3,False,9,2,7,2,True
ES2003b - Joystick use,7,ES2003b.B.argumentstructs.Erik.1,ES2003b.A.argumentstructs.Erik.4,ES2003b.A.argumentstructs.Erik.4,True,10,9,9,1,True
ES2003b - Joystick use,8,ES2003b.A.argumentstructs.Erik.5,ES2003b.A.argumentstructs.Erik.4,ES2003b.A.argumentstructs.Erik.4,True,11,9,9,2,True
ES2003b - Joystick use,9,ES2003b.A.argumentstructs.Erik.6,ES2003b.A.argumentstructs.Erik.4,ES2003b.A.argumentstructs.Erik.4,True,12,9,9,3,True
ES2003b - Joystick use,10,ES2003b.B.argumentstructs.Erik.2,ES2003b.A.argumentstructs.Erik.6,ES2003b.A.argumentstructs.Erik.6,True,13,12,12,1,True
ES2003b - Joystick use,11,ES2003b.C.argumentstructs.Erik.2,ES2003b.B.argumentstructs.Erik.2,ES2003b.A.argumentstructs.Erik.6,False,14,13,12,2,True
ES2003b - Joystick use,12,ES2003b.C.argumentstructs.Erik.3,ES2003b.B.argumentstructs.Erik.2,ES2003b.A.argumentstructs.Erik.6,False,15,13,12,3,True
ES2003b - Joystick use,13,ES2003b.B.argumentstructs.Erik.3,ES2003b.C.argumentstructs.Erik.3,ES2003b.C.argumentstructs.Erik.3,True,16,15,15,1,True
ES2003b - Joystick use,14,ES2003b.C.argumentstructs.Erik.4,ES2003b.B.argumentstructs.Erik.3,ES2003b.B.argumentstructs.Erik.3,True,17,16,16,1,True
ES2003b - Joystick use,15,ES2003b.A.argumentstructs.Erik.7,ES2003b.C.argumentstructs.Erik.4,ES2003b.B.argumentstructs.Erik.3,False,18,17,16,2,True
ES2003b - Joystick use,16,ES2003b.C.argumentstructs.Erik.6,ES2003b.C.argumentstructs.Erik.4,ES2003b.B.argumentstructs.Erik.3,False,20,17,16,4,True
ES2003b - Joystick use,17,ES2003b.B.argumentstructs.Erik.4,ES2003b.C.argumentstructs.Erik.3,ES2003b.B.argumentstructs.Erik.3,False,21,15,16,5,True
ES2003b - Joystick use,18,ES2003b.A.argumentstructs.Erik.8,ES2003b.B.argumentstructs.Erik.4,ES2003b.B.argumentstructs.Erik.4,True,22,21,21,1,True
ES2003b - Joystick use,19,ES2003b.C.argumentstructs.Erik.7,ES2003b.B.argumentstructs.Erik.4,ES2003b.B.argumentstructs.Erik.4,True,23,21,21,2,True
ES2003b - Joystick use,20,ES2003b.A.argumentstructs.Erik.9,ES2003b.B.argumentstructs.Erik.4,ES2003b.C.argumentstructs.Erik.3,False,26,21,15,11,False
ES2003b - Joystick use,21,ES2003b.B.argumentstructs.Erik.5,ES2003b.C.argumentstructs.Erik.7,ES2003b.A.argumentstructs.Erik.9,False,27,23,26,1,True
ES2003b - Remote purpose,0,ES2003b.B.argumentstructs.Erik.6,ROOT,NONE,NONE,0,0,0,0,False
ES2003b - Remote purpose,1,ES2003b.B.argumentstructs.Erik.7,ES2003b.B.argumentstructs.Erik.6,ES2003b.B.argumentstructs.Erik.6,True,1,0,0,1,True
ES2003b - Remote purpose,2,ES2003b.A.argumentstructs.Erik.11,ES2003b.B.argumentstructs.Erik.7,ES2003b.B.argumentstructs.Erik.7,True,3,1,1,2,True
ES2003b - Remote purpose,3,ES2003b.D.argumentstructs.Erik.3,ES2003b.B.argumentstructs.Erik.7,ES2003b.B.argumentstructs.Erik.7,True,4,1,1,3,True
ES2003b - Remote purpose,4,ES2003b.A.argumentstructs.Erik.12,ES2003b.A.argumentstructs.Erik.11,ES2003b.D.argumentstructs.Erik.3,False,5,3,4,1,True
ES2003b - Remote purpose,5,ES2003b.B.argumentstructs.Erik.8,ES2003b.B.argumentstructs.Erik.7,ES2003b.B.argumentstructs.Erik.7,True,6,1,1,5,True
ES2003b - Remote purpose,6,ES2003b.A.argumentstructs.Erik.13,ES2003b.B.argumentstructs.Erik.8,ES2003b.B.argumentstructs.Erik.8,True,7,6,6,1,True
ES2003b - Remote purpose,7,ES2003b.A.argumentstructs.Erik.14,ES2003b.B.argumentstructs.Erik.8,ES2003b.A.argumentstructs.Erik.13,False,8,6,7,1,True
ES2003b - Remote purpose,8,ES2003b.D.argumentstructs.Erik.4,ES2003b.D.argumentstructs.Erik.3,ES2003b.A.argumentstructs.Erik.14,False,9,4,8,1,True
ES2003b - Remote purpose,9,ES2003b.C.argumentstructs.Erik.8,ES2003b.B.argumentstructs.Erik.8,ES2003b.B.argumentstructs.Erik.7,False,10,6,1,9,False
ES2003b - Remote purpose,10,ES2003b.B.argumentstructs.Erik.9,ES2003b.C.argumentstructs.Erik.8,ES2003b.C.argumentstructs.Erik.8,True,12,10,10,2,True
ES2003b - Remote purpose,11,ES2003b.B.argumentstructs.Erik.10,ES2003b.C.argumentstructs.Erik.8,ES2003b.C.argumentstructs.Erik.8,True,15,10,10,5,True
ES2003b - Remote purpose,12,ES2003b.B.argumentstructs.Erik.11,ES2003b.C.argumentstructs.Erik.8,ES2003b.C.argumentstructs.Erik.8,True,16,10,10,6,True
ES2003b - Remote purpose,13,ES2003b.C.argumentstructs.Erik.9,ES2003b.B.argumentstructs.Erik.10,ES2003b.B.argumentstructs.Erik.11,False,17,15,16,1,True
ES2003b - Remote purpose,14,ES2003b.B.argumentstructs.Erik.12,ES2003b.C.argumentstructs.Erik.8,ES2003b.C.argumentstructs.Erik.8,True,19,10,10,9,True
ES2003b - Remote purpose,15,ES2003b.B.argumentstructs.Erik.13,ES2003b.B.argumentstructs.Erik.12,ES2003b.B.argumentstructs.Erik.12,True,20,19,19,1,True
ES2003b - Remote purpose,16,ES2003b.A.argumentstructs.Erik.15,ES2003b.B.argumentstructs.Erik.12,ES2003b.B.argumentstructs.Erik.13,False,22,19,20,2,True
ES2003b - Remote purpose,17,ES2003b.A.argumentstructs.Erik.16,ES2003b.B.argumentstructs.Erik.12,ES2003b.B.argumentstructs.Erik.12,True,23,19,19,4,True
ES2003b - Remote purpose,18,ES2003b.B.argumentstructs.Erik.14,ES2003b.A.argumentstructs.Erik.16,ES2003b.A.argumentstructs.Erik.16,True,24,23,23,1,True
ES2003b - Remote purpose,19,ES2003b.A.argumentstructs.Erik.17,ES2003b.A.argumentstructs.Erik.16,ES2003b.A.argumentstructs.Erik.16,True,25,23,23,2,True
ES2003b - Remote purpose,20,ES2003b.C.argumentstructs.Erik.10,ES2003b.A.argumentstructs.Erik.17,ES2003b.A.argumentstructs.Erik.17,True,26,25,25,1,True
ES2003b - Remote purpose,21,ES2003b.A.argumentstructs.Erik.18,ES2003b.A.argumentstructs.Erik.16,ES2003b.B.argumentstructs.Erik.12,False,28,23,19,9,False
ES2003b - Remote purpose,22,ES2003b.B.argumentstructs.Erik.16,ES2003b.A.argumentstructs.Erik.18,ES2003b.A.argumentstructs.Erik.18,True,29,28,28,1,True
ES2003b - Remote purpose,23,ES2003b.B.argumentstructs.Erik.17,ES2003b.B.argumentstructs.Erik.16,ES2003b.B.argumentstructs.Erik.6,False,30,29,0,30,False
ES2003b - Remote purpose,24,ES2003b.D.argumentstructs.Erik.5,ES2003b.B.argumentstructs.Erik.30,ES2003b.B.argumentstructs.Erik.17,False,31,0,30,1,True
ES2003b - Remote purpose,25,ES2003b.B.argumentstructs.Erik.18,ES2003b.B.argumentstructs.Erik.17,ES2003b.B.argumentstructs.Erik.17,True,32,30,30,2,True
ES2003b - Remote purpose,26,ES2003b.C.argumentstructs.Erik.11,ES2003b.A.argumentstructs.Erik.18,ES2003b.B.argumentstructs.Erik.17,False,33,28,30,3,True
ES2003b - Remote purpose,27,ES2003b.B.argumentstructs.Erik.19,ES2003b.B.argumentstructs.Erik.17,ES2003b.B.argumentstructs.Erik.17,True,34,30,30,4,True
ES2003b - Remote purpose,28,ES2003b.C.argumentstructs.Erik.12,ES2003b.D.argumentstructs.Erik.5,ES2003b.B.argumentstructs.Erik.19,False,35,31,34,1,True
ES2003b - Remote purpose,29,ES2003b.D.argumentstructs.Erik.6,ES2003b.B.argumentstructs.Erik.19,ES2003b.B.argumentstructs.Erik.17,False,36,34,30,6,False
ES2003b - Remote purpose,30,ES2003b.A.argumentstructs.Erik.19,ES2003b.C.argumentstructs.Erik.11,ES2003b.B.argumentstructs.Erik.17,False,37,33,30,7,False
ES2003b - Remote purpose,31,ES2003b.C.argumentstructs.Erik.13,ES2003b.C.argumentstructs.Erik.12,ES2003b.A.argumentstructs.Erik.19,False,39,35,37,2,True
ES2003b - Remote purpose,32,ES2003b.B.argumentstructs.Erik.20,ES2003b.C.argumentstructs.Erik.13,ES2003b.A.argumentstructs.Erik.19,False,40,39,37,3,True
ES2003b - Remote purpose,33,ES2003b.D.argumentstructs.Erik.7,ES2003b.D.argumentstructs.Erik.6,ES2003b.A.argumentstructs.Erik.19,False,41,36,37,4,True
ES2003b - Remote purpose,34,ES2003b.D.argumentstructs.Erik.8,ES2003b.D.argumentstructs.Erik.7,ES2003b.D.argumentstructs.Erik.7,True,43,41,41,2,True
ES2003b - Remote purpose,35,ES2003b.B.argumentstructs.Erik.21,ES2003b.B.argumentstructs.Erik.20,ES2003b.D.argumentstructs.Erik.7,False,44,40,41,3,True
ES2003b - Remote purpose,36,ES2003b.D.argumentstructs.Erik.9,ES2003b.B.argumentstructs.Erik.21,ES2003b.C.argumentstructs.Erik.14,False,46,44,48,2,False
ES2003b - Remote purpose,37,ES2003b.C.argumentstructs.Erik.14,ES2003b.B.argumentstructs.Erik.21,ES2003b.D.argumentstructs.Erik.7,False,48,44,41,7,True
ES2003b - Remote purpose,38,ES2003b.B.argumentstructs.Erik.22,ES2003b.C.argumentstructs.Erik.14,ES2003b.D.argumentstructs.Erik.7,False,49,48,41,8,True
ES2003b - Remote purpose,39,ES2003b.C.argumentstructs.Erik.15,ES2003b.B.argumentstructs.Erik.22,ES2003b.B.argumentstructs.Erik.22,True,50,49,49,1,True
ES2003b - Remote purpose,40,ES2003b.A.argumentstructs.Erik.20,ES2003b.C.argumentstructs.Erik.14,ES2003b.B.argumentstructs.Erik.22,False,53,48,49,4,True
ES2003b - Remote purpose,41,ES2003b.C.argumentstructs.Erik.18,ES2003b.A.argumentstructs.Erik.20,ES2003b.B.argumentstructs.Erik.23,False,55,53,56,1,False
ES2003b - Remote purpose,42,ES2003b.B.argumentstructs.Erik.23,ES2003b.B.argumentstructs.Erik.22,ES2003b.B.argumentstructs.Erik.6,False,56,49,0,56,False
ES2003b - Remote purpose,43,ES2003b.A.argumentstructs.Erik.21,ES2003b.A.argumentstructs.Erik.20,ES2003b.B.argumentstructs.Erik.23,False,58,53,56,2,True
ES2003b - Remote purpose,44,ES2003b.B.argumentstructs.Erik.24,ES2003b.B.argumentstructs.Erik.23,ES2003b.B.argumentstructs.Erik.23,True,60,56,56,4,True
ES2003b - Remote purpose,45,ES2003b.C.argumentstructs.Erik.19,ES2003b.C.argumentstructs.Erik.18,ES2003b.B.argumentstructs.Erik.24,False,62,55,60,2,True
ES2003c - Manufacturer codes,0,ES2003c.C.argumentstructs.Erik.4,ROOT,NONE,NONE,0,0,0,0,False
ES2003c - Manufacturer codes,1,ES2003c.C.argumentstructs.Erik.5,ES2003c.C.argumentstructs.Erik.4,ES2003c.C.argumentstructs.Erik.4,True,2,0,0,2,True
ES2003c - Manufacturer codes,2,ES2003c.A.argumentstructs.Erik.2,ES2003c.C.argumentstructs.Erik.4,ES2003c.C.argumentstructs.Erik.4,True,3,0,0,3,True
ES2003c - Manufacturer codes,3,ES2003c.C.argumentstructs.Erik.6,ES2003c.A.argumentstructs.Erik.2,ES2003c.A.argumentstructs.Erik.2,True,5,3,3,2,True
ES2003c - Manufacturer codes,4,ES2003c.A.argumentstructs.Erik.4,ES2003c.A.argumentstructs.Erik.2,ES2003c.A.argumentstructs.Erik.2,True,7,3,3,4,True
ES2003c - Manufacturer codes,5,ES2003c.C.argumentstructs.Erik.7,ES2003c.C.argumentstructs.Erik.5,ES2003c.A.argumentstructs.Erik.4,False,9,2,7,2,True
ES2003c - Manufacturer codes,6,ES2003c.A.argumentstructs.Erik.5,ES2003c.C.argumentstructs.Erik.6,ES2003c.C.argumentstructs.Erik.7,False,11,5,9,2,True
ES2003c - Manufacturer codes,7,ES2003c.A.argumentstructs.Erik.7,ES2003c.A.argumentstructs.Erik.4,ES2003c.A.argumentstructs.Erik.4,True,12,7,7,5,True
ES2003c - Manufacturer codes,8,ES2003c.B.argumentstructs.Erik.7,ES2003c.A.argumentstructs.Erik.7,ES2003c.A.argumentstructs.Erik.4,False,13,12,7,6,True
ES2003c - Manufacturer codes,9,ES2003c.A.argumentstructs.Erik.8,ES2003c.A.argumentstructs.Erik.7,ES2003c.B.argumentstructs.Erik.7,False,14,12,13,1,True
ES2003c - Manufacturer codes,10,ES2003c.C.argumentstructs.Erik.8,ES2003c.B.argumentstructs.Erik.7,ES2003c.A.argumentstructs.Erik.4,False,16,13,7,9,False
ES2003c - Manufacturer codes,11,ES2003c.A.argumentstructs.Erik.9,ES2003c.C.argumentstructs.Erik.8,ES2003c.C.argumentstructs.Erik.8,True,17,16,16,1,True
ES2003c - Manufacturer codes,12,ES2003c.C.argumentstructs.Erik.9,ES2003c.C.argumentstructs.Erik.8,ES2003c.A.argumentstructs.Erik.4,False,18,16,7,11,False
ES2003c - Manufacturer codes,13,ES2003c.C.argumentstructs.Erik.10,ES2003c.B.argumentstructs.Erik.7,ES2003c.C.argumentstructs.Erik.9,False,19,13,18,1,True
ES2003c - Manufacturer codes,14,ES2003c.A.argumentstructs.Erik.10,ES2003c.A.argumentstructs.Erik.9,ES2003c.C.argumentstructs.Erik.10,False,21,17,19,2,True
ES2003c - Manufacturer codes,15,ES2003c.B.argumentstructs.Erik.8,ES2003c.C.argumentstructs.Erik.10,ES2003c.C.argumentstructs.Erik.10,True,22,19,19,3,True
ES2003c - Manufacturer codes,16,ES2003c.C.argumentstructs.Erik.11,ES2003c.B.argumentstructs.Erik.8,ES2003c.B.argumentstructs.Erik.8,True,23,22,22,1,True
ES2003c - Manufacturer codes,17,ES2003c.A.argumentstructs.Erik.11,ES2003c.C.argumentstructs.Erik.10,ES2003c.C.argumentstructs.Erik.10,True,24,19,19,5,True
ES2003c - Manufacturer codes,18,ES2003c.C.argumentstructs.Erik.12,ES2003c.A.argumentstructs.Erik.11,ES2003c.A.argumentstructs.Erik.11,True,25,24,24,1,True
ES2003c - Remote design,0,ES2003c.B.argumentstructs.Erik.15,ROOT,NONE,NONE,1,0,0,1,False
ES2003c - Remote design,1,ES2003c.C.argumentstructs.Erik.21,ES2003c.B.argumentstructs.Erik.15,ES2003c.B.argumentstructs.Erik.15,True,2,1,1,1,True
ES2003c - Remote design,2,ES2003c.A.argumentstructs.Erik.18,ES2003c.B.argumentstructs.Erik.15,ES2003c.D.argumentstructs.Erik.12,False,3,1,4,1,False
ES2003c - Remote design,3,ES2003c.D.argumentstructs.Erik.12,ES2003c.C.argumentstructs.Erik.21,ES2003c.B.argumentstructs.Erik.15,False,4,2,1,3,True
ES2003c - Remote design,4,ES2003c.C.argumentstructs.Erik.22,ES2003c.C.argumentstructs.Erik.21,ES2003c.B.argumentstructs.Erik.15,False,5,2,1,4,True
ES2003c - Remote design,5,ES2003c.C.argumentstructs.Erik.23,ES2003c.C.argumentstructs.Erik.22,ES2003c.C.argumentstructs.Erik.22,True,6,5,5,1,True
ES2003c - Remote design,6,ES2003c.A.argumentstructs.Erik.19,ES2003c.A.argumentstructs.Erik.18,ES2003c.C.argumentstructs.Erik.23,False,8,3,6,2,True
ES2003c - Remote design,7,ES2003c.B.argumentstructs.Erik.16,ES2003c.A.argumentstructs.Erik.19,ES2003c.C.argumentstructs.Erik.23,False,9,8,6,3,True
ES2003c - Remote design,8,ES2003c.A.argumentstructs.Erik.20,ES2003c.C.argumentstructs.Erik.22,ES2003c.B.argumentstructs.Erik.15,False,10,5,1,9,False
ES2003c - Remote design,9,ES2003c.A.argumentstructs.Erik.21,ES2003c.C.argumentstructs.Erik.23,ES2003c.B.argumentstructs.Erik.15,False,11,6,1,10,False
ES2003c - Remote design,10,ES2003c.B.argumentstructs.Erik.17,ES2003c.B.argumentstructs.Erik.16,ES2003c.A.argumentstructs.Erik.21,False,12,9,11,1,True
ES2003c - Remote design,11,ES2003c.C.argumentstructs.Erik.24,ES2003c.B.argumentstructs.Erik.16,ES2003c.B.argumentstructs.Erik.17,False,13,9,12,1,True
ES2003c - Remote design,12,ES2003c.A.argumentstructs.Erik.22,ES2003c.A.argumentstructs.Erik.21,ES2003c.B.argumentstructs.Erik.17,False,15,11,12,3,True
ES2003c - Remote design,13,ES2003c.C.argumentstructs.Erik.25,ES2003c.C.argumentstructs.Erik.24,ES2003c.A.argumentstructs.Erik.22,False,16,13,15,1,True
ES2003c - Remote design,14,ES2003c.A.argumentstructs.Erik.23,ES2003c.A.argumentstructs.Erik.21,ES2003c.A.argumentstructs.Erik.22,False,17,11,15,2,True
ES2003c - Remote design,15,ES2003c.C.argumentstructs.Erik.26,ES2003c.A.argumentstructs.Erik.23,ES2003c.A.argumentstructs.Erik.22,False,18,17,15,3,True
ES2003c - Remote design,16,ES2003c.A.argumentstructs.Erik.24,ES2003c.C.argumentstructs.Erik.26,ES2003c.B.argumentstructs.Erik.18,False,19,18,20,1,False
ES2003c - Remote design,17,ES2003c.B.argumentstructs.Erik.18,ES2003c.C.argumentstructs.Erik.26,ES2003c.C.argumentstructs.Erik.26,True,20,18,18,2,True
ES2003c - Remote design,18,ES2003c.B.argumentstructs.Erik.19,ES2003c.B.argumentstructs.Erik.18,ES2003c.B.argumentstructs.Erik.18,True,21,20,20,1,True
ES2003c - Remote design,19,ES2003c.A.argumentstructs.Erik.25,ES2003c.B.argumentstructs.Erik.19,ES2003c.B.argumentstructs.Erik.19,True,22,21,21,1,True
ES2003c - Remote design,20,ES2003c.A.argumentstructs.Erik.26,ES2003c.A.argumentstructs.Erik.24,ES2003c.B.argumentstructs.Erik.19,False,23,19,21,2,True
ES2003c - Remote design,21,ES2003c.B.argumentstructs.Erik.20,ES2003c.B.argumentstructs.Erik.21,ES2003c.A.argumentstructs.Erik.26,False,24,0,23,1,True
ES2003c - Remote design,22,ES2003c.C.argumentstructs.Erik.27,ES2003c.B.argumentstructs.Erik.20,ES2003c.A.argumentstructs.Erik.26,False,25,24,23,2,True
ES2003c - Three types of batteries,0,ES2003c.D.argumentstructs.Erik.1,ROOT,NONE,NONE,0,0,0,0,False
ES2003c - Three types of batteries,1,ES2003c.B.argumentstructs.Erik.1,ES2003c.D.argumentstructs.Erik.1,ES2003c.D.argumentstructs.Erik.1,True,1,0,0,1,True
ES2003c - Three types of batteries,2,ES2003c.B.argumentstructs.Erik.2,ES2003c.D.argumentstructs.Erik.1,ES2003c.D.argumentstructs.Erik.1,True,3,0,0,3,True
ES2003c - Three types of batteries,3,ES2003c.C.argumentstructs.Erik.1,ES2003c.B.argumentstructs.Erik.1,ES2003c.B.argumentstructs.Erik.3,False,5,1,7,2,False
ES2003c - Three types of batteries,4,ES2003c.D.argumentstructs.Erik.2,ES2003c.C.argumentstructs.Erik.1,ES2003c.B.argumentstructs.Erik.3,False,6,5,7,1,False
ES2003c - Three types of batteries,5,ES2003c.B.argumentstructs.Erik.3,ES2003c.B.argumentstructs.Erik.2,ES2003c.B.argumentstructs.Erik.2,True,7,3,3,4,True
ES2003c - Three types of batteries,6,ES2003c.A.argumentstructs.Erik.1,ES2003c.B.argumentstructs.Erik.3,ES2003c.B.argumentstructs.Erik.3,True,9,7,7,2,True
ES2003c - Three types of batteries,7,ES2003c.B.argumentstructs.Erik.4,ES2003c.B.argumentstructs.Erik.3,ES2003c.A.argumentstructs.Erik.1,False,10,7,9,1,True
ES2003c - Three types of batteries,8,ES2003c.D.argumentstructs.Erik.3,ES2003c.B.argumentstructs.Erik.3,ES2003c.B.argumentstructs.Erik.4,False,13,7,10,3,True
ES2003c - Three types of batteries,9,ES2003c.C.argumentstructs.Erik.2,ES2003c.D.argumentstructs.Erik.3,ES2003c.B.argumentstructs.Erik.4,False,14,13,10,4,True
ES2003c - Three types of batteries,10,ES2003c.D.argumentstructs.Erik.4,ES2003c.B.argumentstructs.Erik.3,ES2003c.D.argumentstructs.Erik.1,False,16,7,0,16,False
ES2003c - Three types of batteries,11,ES2003c.C.argumentstructs.Erik.3,ES2003c.C.argumentstructs.Erik.2,ES2003c.D.argumentstructs.Erik.4,False,17,14,16,1,True
ES2003c - Three types of batteries,12,ES2003c.D.argumentstructs.Erik.5,ES2003c.D.argumentstructs.Erik.4,ES2003c.D.argumentstructs.Erik.1,False,19,16,0,19,False
ES2003c - Three types of batteries,13,ES2003c.D.argumentstructs.Erik.6,ES2003c.D.argumentstructs.Erik.5,ES2003c.D.argumentstructs.Erik.5,True,21,19,19,2,True
ES2003c - Three types of batteries,14,ES2003c.B.argumentstructs.Erik.5,ES2003c.D.argumentstructs.Erik.5,ES2003c.D.argumentstructs.Erik.5,True,22,19,19,3,True
ES2003c - Three types of batteries,15,ES2003c.D.argumentstructs.Erik.7,ES2003c.B.argumentstructs.Erik.5,ES2003c.B.argumentstructs.Erik.5,True,24,22,22,2,True
ES2003c - USB functionality,0,ES2003c.D.argumentstructs.Erik.8,ROOT,NONE,NONE,0,0,0,0,False
ES2003c - USB functionality,1,ES2003c.C.argumentstructs.Erik.13,ES2003c.D.argumentstructs.Erik.8,ES2003c.D.argumentstructs.Erik.8,True,1,0,0,1,True
ES2003c - USB functionality,2,ES2003c.B.argumentstructs.Erik.9,ES2003c.D.argumentstructs.Erik.8,ES2003c.C.argumentstructs.Erik.13,False,2,0,1,1,True
ES2003c - USB functionality,3,ES2003c.D.argumentstructs.Erik.9,ES2003c.D.argumentstructs.Erik.8,ES2003c.B.argumentstructs.Erik.9,False,3,0,2,1,True
ES2003c - USB functionality,4,ES2003c.C.argumentstructs.Erik.14,ES2003c.C.argumentstructs.Erik.13,ES2003c.B.argumentstructs.Erik.9,False,4,1,2,2,True
ES2003c - USB functionality,5,ES2003c.D.argumentstructs.Erik.10,ES2003c.C.argumentstructs.Erik.13,ES2003c.C.argumentstructs.Erik.14,False,6,1,4,2,True
ES2003c - USB functionality,6,ES2003c.B.argumentstructs.Erik.10,ES2003c.B.argumentstructs.Erik.9,ES2003c.D.argumentstructs.Erik.10,False,7,2,6,1,True
ES2003c - USB functionality,7,ES2003c.D.argumentstructs.Erik.11,ES2003c.B.argumentstructs.Erik.10,ES2003c.B.argumentstructs.Erik.11,False,9,7,10,1,False
ES2003c - USB functionality,8,ES2003c.B.argumentstructs.Erik.11,ES2003c.B.argumentstructs.Erik.10,ES2003c.B.argumentstructs.Erik.10,True,10,7,7,3,True
ES2003c - USB functionality,9,ES2003c.A.argumentstructs.Erik.12,ES2003c.D.argumentstructs.Erik.11,ES2003c.B.argumentstructs.Erik.11,False,11,9,10,1,True
ES2003c - USB functionality,10,ES2003c.C.argumentstructs.Erik.15,ES2003c.B.argumentstructs.Erik.10,ES2003c.B.argumentstructs.Erik.10,True,12,7,7,5,True
ES2003c - USB functionality,11,ES2003c.A.argumentstructs.Erik.13,ES2003c.A.argumentstructs.Erik.12,ES2003c.C.argumentstructs.Erik.15,False,14,11,12,2,True
ES2003c - USB functionality,12,ES2003c.A.argumentstructs.Erik.14,ES2003c.C.argumentstructs.Erik.15,ES2003c.C.argumentstructs.Erik.15,True,15,12,12,3,True
ES2003c - USB functionality,13,ES2003c.C.argumentstructs.Erik.16,ES2003c.C.argumentstructs.Erik.15,ES2003c.A.argumentstructs.Erik.14,False,16,12,15,1,True
ES2003c - USB functionality,14,ES2003c.C.argumentstructs.Erik.17,ES2003c.A.argumentstructs.Erik.14,ES2003c.A.argumentstructs.Erik.14,True,17,15,15,2,True
ES2003c - USB functionality,15,ES2003c.B.argumentstructs.Erik.12,ES2003c.C.argumentstructs.Erik.16,ES2003c.C.argumentstructs.Erik.17,False,18,16,17,1,True
ES2003c - USB functionality,16,ES2003c.A.argumentstructs.Erik.15,ES2003c.C.argumentstructs.Erik.17,ES2003c.C.argumentstructs.Erik.17,True,19,17,17,2,True
ES2003c - USB functionality,17,ES2003c.A.argumentstructs.Erik.16,ES2003c.A.argumentstructs.Erik.14,ES2003c.A.argumentstructs.Erik.14,True,21,15,15,6,True
ES2003c - USB functionality,18,ES2003c.C.argumentstructs.Erik.18,ES2003c.C.argumentstructs.Erik.17,ES2003c.A.argumentstructs.Erik.16,False,22,17,21,1,True
ES2003c - USB functionality,19,ES2003c.B.argumentstructs.Erik.13,ES2003c.C.argumentstructs.Erik.18,ES2003c.A.argumentstructs.Erik.16,False,23,22,21,2,True
ES2003c - USB functionality,20,ES2003c.C.argumentstructs.Erik.19,ES2003c.B.argumentstructs.Erik.13,ES2003c.A.argumentstructs.Erik.16,False,24,23,21,3,True
ES2003c - USB functionality,21,ES2003c.C.argumentstructs.Erik.20,ES2003c.C.argumentstructs.Erik.19,ES2003c.A.argumentstructs.Erik.16,False,25,24,21,4,True
ES2003c - USB functionality,22,ES2003c.B.argumentstructs.Erik.14,ES2003c.C.argumentstructs.Erik.18,ES2003c.C.argumentstructs.Erik.18,True,26,22,22,4,True
ES2003c - USB functionality,23,ES2003c.A.argumentstructs.Erik.17,ES2003c.B.argumentstructs.Erik.13,ES2003c.B.argumentstructs.Erik.14,False,27,23,26,1,True
ES2003d - Fashion score,0,ES2003d.C.argumentstructs.Erik.58,ROOT,NONE,NONE,0,0,0,0,False
ES2003d - Fashion score,1,ES2003d.C.argumentstructs.Erik.59,ES2003d.C.argumentstructs.Erik.58,ES2003d.C.argumentstructs.Erik.58,True,1,0,0,1,True
ES2003d - Fashion score,2,ES2003d.D.argumentstructs.Erik.19,ES2003d.C.argumentstructs.Erik.58,ES2003d.C.argumentstructs.Erik.59,False,2,0,1,1,True
ES2003d - Fashion score,3,ES2003d.A.argumentstructs.Erik.23,ES2003d.C.argumentstructs.Erik.59,ES2003d.C.argumentstructs.Erik.59,True,3,1,1,2,True
ES2003d - Fashion score,4,ES2003d.A.argumentstructs.Erik.24,ES2003d.C.argumentstructs.Erik.59,ES2003d.C.argumentstructs.Erik.59,True,4,1,1,3,True
ES2003d - Fashion score,5,ES2003d.C.argumentstructs.Erik.60,ES2003d.C.argumentstructs.Erik.58,ES2003d.A.argumentstructs.Erik.26,False,5,0,7,2,False
ES2003d - Fashion score,6,ES2003d.A.argumentstructs.Erik.25,ES2003d.A.argumentstructs.Erik.23,ES2003d.C.argumentstructs.Erik.59,False,6,3,1,5,True
ES2003d - Fashion score,7,ES2003d.A.argumentstructs.Erik.26,ES2003d.D.argumentstructs.Erik.19,ES2003d.D.argumentstructs.Erik.19,True,7,2,2,5,True
ES2003d - Fashion score,8,ES2003d.D.argumentstructs.Erik.20,ES2003d.A.argumentstructs.Erik.23,ES2003d.C.argumentstructs.Erik.59,False,8,3,1,7,False
ES2003d - Fashion score,9,ES2003d.C.argumentstructs.Erik.61,ES2003d.D.argumentstructs.Erik.20,ES2003d.D.argumentstructs.Erik.20,True,9,8,8,1,True
ES2003d - Fashion score,10,ES2003d.B.argumentstructs.Erik.50,ES2003d.A.argumentstructs.Erik.25,ES2003d.C.argumentstructs.Erik.59,False,10,6,1,9,False
ES2003d - Fashion score,11,ES2003d.D.argumentstructs.Erik.21,ES2003d.D.argumentstructs.Erik.20,ES2003d.B.argumentstructs.Erik.51,False,11,8,15,4,False
ES2003d - Fashion score,12,ES2003d.C.argumentstructs.Erik.62,ES2003d.D.argumentstructs.Erik.21,ES2003d.D.argumentstructs.Erik.21,True,12,11,11,1,True
ES2003d - Fashion score,13,ES2003d.D.argumentstructs.Erik.22,ES2003d.C.argumentstructs.Erik.62,ES2003d.C.argumentstructs.Erik.62,True,13,12,12,1,True
ES2003d - Fashion score,14,ES2003d.B.argumentstructs.Erik.51,ES2003d.B.argumentstructs.Erik.50,ES2003d.B.argumentstructs.Erik.50,True,15,10,10,5,True
ES2003d - Fashion score,15,ES2003d.C.argumentstructs.Erik.63,ES2003d.B.argumentstructs.Erik.50,ES2003d.B.argumentstructs.Erik.50,True,16,10,10,6,True
ES2003d - Fashion score,16,ES2003d.C.argumentstructs.Erik.64,ES2003d.C.argumentstructs.Erik.63,ES2003d.C.argumentstructs.Erik.63,True,17,16,16,1,True
ES2003d - Fashion score,17,ES2003d.B.argumentstructs.Erik.52,ES2003d.B.argumentstructs.Erik.51,ES2003d.C.argumentstructs.Erik.63,False,18,15,16,2,True
ES2003d - Fashion score,18,ES2003d.A.argumentstructs.Erik.27,ES2003d.C.argumentstructs.Erik.64,ES2003d.C.argumentstructs.Erik.64,True,20,17,17,3,True
ES2003d - Fashion score,19,ES2003d.C.argumentstructs.Erik.65,ES2003d.C.argumentstructs.Erik.64,ES2003d.A.argumentstructs.Erik.27,False,21,17,20,1,True
ES2003d - Fashion score,20,ES2003d.C.argumentstructs.Erik.66,ES2003d.C.argumentstructs.Erik.65,ES2003d.C.argumentstructs.Erik.65,True,22,21,21,1,True
ES2003d - Fashion score,21,ES2003d.A.argumentstructs.Erik.28,ES2003d.C.argumentstructs.Erik.66,ES2003d.C.argumentstructs.Erik.63,False,23,22,16,7,False
ES2003d - Fashion score,22,ES2003d.C.argumentstructs.Erik.67,ES2003d.A.argumentstructs.Erik.28,ES2003d.A.argumentstructs.Erik.28,True,24,23,23,1,True
ES2003d - Fashion score,23,ES2003d.B.argumentstructs.Erik.53,ES2003d.A.argumentstructs.Erik.28,ES2003d.A.argumentstructs.Erik.28,True,27,23,23,4,True
ES2003d - Fashion score,24,ES2003d.C.argumentstructs.Erik.68,ES2003d.B.argumentstructs.Erik.53,ES2003d.B.argumentstructs.Erik.53,True,28,27,27,1,True
ES2003d - Fashion score,25,ES2003d.B.argumentstructs.Erik.54,ES2003d.B.argumentstructs.Erik.53,ES2003d.C.argumentstructs.Erik.68,False,29,27,28,1,True
ES2003d - Fashion score,26,ES2003d.A.argumentstructs.Erik.29,ES2003d.B.argumentstructs.Erik.54,ES2003d.B.argumentstructs.Erik.54,True,30,29,29,1,True
ES2003d - Fashion score,27,ES2003d.C.argumentstructs.Erik.69,ES2003d.B.argumentstructs.Erik.54,ES2003d.A.argumentstructs.Erik.29,False,31,29,30,1,True
ES2003d - Fashion score,28,ES2003d.D.argumentstructs.Erik.24,ES2003d.B.argumentstructs.Erik.54,ES2003d.A.argumentstructs.Erik.29,False,34,29,30,4,True
ES2003d - Fashion score,29,ES2003d.C.argumentstructs.Erik.70,ES2003d.D.argumentstructs.Erik.24,ES2003d.D.argumentstructs.Erik.24,True,35,34,34,1,True
ES2003d - Fashion score,30,ES2003d.C.argumentstructs.Erik.71,ES2003d.C.argumentstructs.Erik.70,ES2003d.D.argumentstructs.Erik.24,False,36,35,34,2,True
ES2003d - Fashion score,31,ES2003d.B.argumentstructs.Erik.55,ES2003d.A.argumentstructs.Erik.29,ES2003d.C.argumentstructs.Erik.71,False,37,30,36,1,True
ES2003d - Fashion score,32,ES2003d.C.argumentstructs.Erik.72,ES2003d.B.argumentstructs.Erik.55,ES2003d.B.argumentstructs.Erik.55,True,38,37,37,1,True
ES2003d - Fashion score,33,ES2003d.B.argumentstructs.Erik.56,ES2003d.B.argumentstructs.Erik.55,ES2003d.D.argumentstructs.Erik.24,False,39,37,34,5,True
ES2003d - Fashion score,34,ES2003d.C.argumentstructs.Erik.73,ES2003d.B.argumentstructs.Erik.56,ES2003d.B.argumentstructs.Erik.56,True,40,39,39,1,True
ES2003d - Fashion score,35,ES2003d.B.argumentstructs.Erik.57,ES2003d.B.argumentstructs.Erik.56,ES2003d.C.argumentstructs.Erik.73,False,41,39,40,1,True
ES2003d - Fashion score,36,ES2003d.C.argumentstructs.Erik.74,ES2003d.C.argumentstructs.Erik.73,ES2003d.B.argumentstructs.Erik.57,False,42,40,41,1,True
ES2003d - Fashion score,37,ES2003d.B.argumentstructs.Erik.58,ES2003d.B.argumentstructs.Erik.56,ES2003d.C.argumentstructs.Erik.73,False,43,39,40,3,True
ES2003d - Fashion score,38,ES2003d.D.argumentstructs.Erik.25,ES2003d.C.argumentstructs.Erik.74,ES2003d.C.argumentstructs.Erik.74,True,44,42,42,2,True
ES2003d - Fashion score,39,ES2003d.C.argumentstructs.Erik.75,ES2003d.D.argumentstructs.Erik.25,ES2003d.C.argumentstructs.Erik.74,False,45,44,42,3,True
ES2003d - Fashion score,40,ES2003d.C.argumentstructs.Erik.76,ES2003d.C.argumentstructs.Erik.75,ES2003d.B.argumentstructs.Erik.58,False,46,45,43,3,True
